<?xml version="1.0" encoding="utf-8"?>
<BindingInfo xmlns:xsi="http://www.w3.org/2001/XMLSchema-instance" xmlns:xsd="http://www.w3.org/2001/XMLSchema" Assembly="Microsoft.BizTalk.Deployment, Version=3.0.1.0, Culture=neutral, PublicKeyToken=31bf3856ad364e35" Version="3.5.1.0" BindingStatus="NoBindings" BoundEndpoints="0" TotalEndpoints="0">
  <Timestamp>2010-12-18T15:24:00.5817071-08:00</Timestamp>
  <ModuleRefCollection>
    <ModuleRef Name="[Application:Demos.Northwind]" Version="" Culture="" PublicKeyToken="" FullName="[Application:Demos.Northwind], Version=, Culture=, PublicKeyToken=">
      <Services />
      <TrackedSchemas />
    </ModuleRef>
  </ModuleRefCollection>
  <SendPortCollection>
    <SendPort Name="Northwind_SendToAudit" IsStatic="true" IsTwoWay="false" BindingOption="0">
      <Description xsi:nil="true" />
      <TransmitPipeline Name="Microsoft.BizTalk.DefaultPipelines.PassThruTransmit" FullyQualifiedName="Microsoft.BizTalk.DefaultPipelines.PassThruTransmit, Microsoft.BizTalk.DefaultPipelines, Version=3.0.1.0, Culture=neutral, PublicKeyToken=31bf3856ad364e35" Type="2" TrackingOption="ServiceStartEnd MessageSendReceive PipelineEvents" Description="" />
      <PrimaryTransport>
        <Address>C:\AllFiles\DemoCode\Northwind\Ports\Audit\%MessageID%.xml</Address>
        <TransportType Name="FILE" Capabilities="11" ConfigurationClsid="5e49e3a6-b4fc-4077-b44c-22f34a242fdb" />
        <TransportTypeData>&lt;CustomProps&gt;&lt;UseTempFileOnWrite vt="11"&gt;0&lt;/UseTempFileOnWrite&gt;&lt;AllowCacheOnWrite vt="11"&gt;0&lt;/AllowCacheOnWrite&gt;&lt;CopyMode vt="19"&gt;1&lt;/CopyMode&gt;&lt;FileName vt="8"&gt;%MessageID%.xml&lt;/FileName&gt;&lt;/CustomProps&gt;</TransportTypeData>
        <RetryCount>3</RetryCount>
        <RetryInterval>5</RetryInterval>
        <ServiceWindowEnabled>false</ServiceWindowEnabled>
        <FromTime>2000-01-01T07:00:00</FromTime>
        <ToTime>2000-01-01T06:59:59</ToTime>
        <Primary>true</Primary>
        <OrderedDelivery>false</OrderedDelivery>
        <DeliveryNotification>1</DeliveryNotification>
        <SendHandler Name="BizTalkServerApplication" HostTrusted="false">
          <TransportType Name="FILE" Capabilities="11" ConfigurationClsid="5e49e3a6-b4fc-4077-b44c-22f34a242fdb" />
        </SendHandler>
      </PrimaryTransport>
      <SecondaryTransport>
        <Address />
        <RetryCount>3</RetryCount>
        <RetryInterval>5</RetryInterval>
        <ServiceWindowEnabled>false</ServiceWindowEnabled>
        <FromTime>2000-01-01T07:00:00</FromTime>
        <ToTime>2000-01-01T06:59:59</ToTime>
        <Primary>false</Primary>
        <OrderedDelivery>false</OrderedDelivery>
        <DeliveryNotification>1</DeliveryNotification>
        <SendHandler xsi:nil="true" />
      </SecondaryTransport>
      <ReceivePipelineData xsi:nil="true" />
      <Tracking>204</Tracking>
      <Filter>&lt;?xml version="1.0" encoding="utf-16"?&gt;
&lt;Filter xmlns:xsi="http://www.w3.org/2001/XMLSchema-instance" xmlns:xsd="http://www.w3.org/2001/XMLSchema" /&gt;</Filter>
      <Transforms />
      <OrderedDelivery>false</OrderedDelivery>
      <Priority>5</Priority>
      <StopSendingOnFailure>false</StopSendingOnFailure>
      <RouteFailedMessage>false</RouteFailedMessage>
      <ApplicationName>Demos.Northwind</ApplicationName>
    </SendPort>
    <SendPort Name="Northwind_SendToBilling" IsStatic="true" IsTwoWay="false" BindingOption="0">
      <Description xsi:nil="true" />
      <TransmitPipeline Name="Microsoft.BizTalk.DefaultPipelines.PassThruTransmit" FullyQualifiedName="Microsoft.BizTalk.DefaultPipelines.PassThruTransmit, Microsoft.BizTalk.DefaultPipelines, Version=3.0.1.0, Culture=neutral, PublicKeyToken=31bf3856ad364e35" Type="2" TrackingOption="ServiceStartEnd MessageSendReceive PipelineEvents" Description="" />
      <PrimaryTransport>
        <Address>C:\AllFiles\DemoCode\Northwind\Ports\BillingDept\%MessageID%.xml</Address>
        <TransportType Name="FILE" Capabilities="11" ConfigurationClsid="5e49e3a6-b4fc-4077-b44c-22f34a242fdb" />
        <TransportTypeData>&lt;CustomProps&gt;&lt;UseTempFileOnWrite vt="11"&gt;0&lt;/UseTempFileOnWrite&gt;&lt;AllowCacheOnWrite vt="11"&gt;0&lt;/AllowCacheOnWrite&gt;&lt;CopyMode vt="19"&gt;1&lt;/CopyMode&gt;&lt;FileName vt="8"&gt;%MessageID%.txt&lt;/FileName&gt;&lt;/CustomProps&gt;</TransportTypeData>
        <RetryCount>3</RetryCount>
        <RetryInterval>5</RetryInterval>
        <ServiceWindowEnabled>false</ServiceWindowEnabled>
        <FromTime>2000-01-01T07:00:00</FromTime>
        <ToTime>2000-01-01T06:59:59</ToTime>
        <Primary>true</Primary>
        <OrderedDelivery>false</OrderedDelivery>
        <DeliveryNotification>1</DeliveryNotification>
        <SendHandler Name="BizTalkServerApplication" HostTrusted="false">
          <TransportType Name="FILE" Capabilities="11" ConfigurationClsid="5e49e3a6-b4fc-4077-b44c-22f34a242fdb" />
        </SendHandler>
      </PrimaryTransport>
      <SecondaryTransport>
        <Address />
        <RetryCount>3</RetryCount>
        <RetryInterval>5</RetryInterval>
        <ServiceWindowEnabled>false</ServiceWindowEnabled>
        <FromTime>2000-01-01T07:00:00</FromTime>
        <ToTime>2000-01-01T06:59:59</ToTime>
        <Primary>false</Primary>
        <OrderedDelivery>false</OrderedDelivery>
        <DeliveryNotification>1</DeliveryNotification>
        <SendHandler xsi:nil="true" />
      </SecondaryTransport>
      <ReceivePipelineData xsi:nil="true" />
      <Tracking>204</Tracking>
      <Filter>&lt;?xml version="1.0" encoding="utf-16"?&gt;
&lt;Filter xmlns:xsi="http://www.w3.org/2001/XMLSchema-instance" xmlns:xsd="http://www.w3.org/2001/XMLSchema" /&gt;</Filter>
      <Transforms />
      <OrderedDelivery>false</OrderedDelivery>
      <Priority>5</Priority>
      <StopSendingOnFailure>false</StopSendingOnFailure>
      <RouteFailedMessage>false</RouteFailedMessage>
      <ApplicationName>Demos.Northwind</ApplicationName>
    </SendPort>
    <SendPort Name="Northwind_SendToShippingUSA" IsStatic="true" IsTwoWay="false" BindingOption="0">
      <Description xsi:nil="true" />
      <TransmitPipeline Name="Microsoft.BizTalk.DefaultPipelines.PassThruTransmit" FullyQualifiedName="Microsoft.BizTalk.DefaultPipelines.PassThruTransmit, Microsoft.BizTalk.DefaultPipelines, Version=3.0.1.0, Culture=neutral, PublicKeyToken=31bf3856ad364e35" Type="2" TrackingOption="ServiceStartEnd MessageSendReceive PipelineEvents" Description="" />
      <PrimaryTransport>
        <Address>C:\AllFiles\DemoCode\Northwind\Ports\ShippingUSA\%MessageID%.xml</Address>
        <TransportType Name="FILE" Capabilities="11" ConfigurationClsid="5e49e3a6-b4fc-4077-b44c-22f34a242fdb" />
        <TransportTypeData>&lt;CustomProps&gt;&lt;UseTempFileOnWrite vt="11"&gt;0&lt;/UseTempFileOnWrite&gt;&lt;AllowCacheOnWrite vt="11"&gt;0&lt;/AllowCacheOnWrite&gt;&lt;CopyMode vt="19"&gt;1&lt;/CopyMode&gt;&lt;FileName vt="8"&gt;%MessageID%.xml&lt;/FileName&gt;&lt;/CustomProps&gt;</TransportTypeData>
        <RetryCount>3</RetryCount>
        <RetryInterval>5</RetryInterval>
        <ServiceWindowEnabled>false</ServiceWindowEnabled>
        <FromTime>2000-01-01T07:00:00</FromTime>
        <ToTime>2000-01-01T06:59:59</ToTime>
        <Primary>true</Primary>
        <OrderedDelivery>false</OrderedDelivery>
        <DeliveryNotification>1</DeliveryNotification>
        <SendHandler Name="BizTalkServerApplication" HostTrusted="false">
          <TransportType Name="FILE" Capabilities="11" ConfigurationClsid="5e49e3a6-b4fc-4077-b44c-22f34a242fdb" />
        </SendHandler>
      </PrimaryTransport>
      <SecondaryTransport>
        <Address />
        <RetryCount>3</RetryCount>
        <RetryInterval>5</RetryInterval>
        <ServiceWindowEnabled>false</ServiceWindowEnabled>
        <FromTime>2000-01-01T07:00:00</FromTime>
        <ToTime>2000-01-01T06:59:59</ToTime>
        <Primary>false</Primary>
        <OrderedDelivery>false</OrderedDelivery>
        <DeliveryNotification>1</DeliveryNotification>
        <SendHandler xsi:nil="true" />
      </SecondaryTransport>
      <ReceivePipelineData xsi:nil="true" />
      <Tracking>204</Tracking>
      <Filter>&lt;?xml version="1.0" encoding="utf-16"?&gt;
&lt;Filter xmlns:xsi="http://www.w3.org/2001/XMLSchema-instance" xmlns:xsd="http://www.w3.org/2001/XMLSchema" /&gt;</Filter>
      <Transforms />
      <OrderedDelivery>false</OrderedDelivery>
      <Priority>5</Priority>
      <StopSendingOnFailure>false</StopSendingOnFailure>
      <RouteFailedMessage>false</RouteFailedMessage>
      <ApplicationName>Demos.Northwind</ApplicationName>
    </SendPort>
    <SendPort Name="Northwind_SendToShippingForeign" IsStatic="true" IsTwoWay="false" BindingOption="0">
      <Description xsi:nil="true" />
      <TransmitPipeline Name="Microsoft.BizTalk.DefaultPipelines.PassThruTransmit" FullyQualifiedName="Microsoft.BizTalk.DefaultPipelines.PassThruTransmit, Microsoft.BizTalk.DefaultPipelines, Version=3.0.1.0, Culture=neutral, PublicKeyToken=31bf3856ad364e35" Type="2" TrackingOption="ServiceStartEnd MessageSendReceive PipelineEvents" Description="" />
      <PrimaryTransport>
        <Address>C:\AllFiles\DemoCode\Northwind\Ports\ShippingForeign\%MessageID%.xml</Address>
        <TransportType Name="FILE" Capabilities="11" ConfigurationClsid="5e49e3a6-b4fc-4077-b44c-22f34a242fdb" />
        <TransportTypeData>&lt;CustomProps&gt;&lt;UseTempFileOnWrite vt="11"&gt;0&lt;/UseTempFileOnWrite&gt;&lt;AllowCacheOnWrite vt="11"&gt;0&lt;/AllowCacheOnWrite&gt;&lt;CopyMode vt="19"&gt;1&lt;/CopyMode&gt;&lt;FileName vt="8"&gt;%MessageID%.xml&lt;/FileName&gt;&lt;/CustomProps&gt;</TransportTypeData>
        <RetryCount>3</RetryCount>
        <RetryInterval>5</RetryInterval>
        <ServiceWindowEnabled>false</ServiceWindowEnabled>
        <FromTime>2000-01-01T07:00:00</FromTime>
        <ToTime>2000-01-01T06:59:59</ToTime>
        <Primary>true</Primary>
        <OrderedDelivery>false</OrderedDelivery>
        <DeliveryNotification>1</DeliveryNotification>
        <SendHandler Name="BizTalkServerApplication" HostTrusted="false">
          <TransportType Name="FILE" Capabilities="11" ConfigurationClsid="5e49e3a6-b4fc-4077-b44c-22f34a242fdb" />
        </SendHandler>
      </PrimaryTransport>
      <SecondaryTransport>
        <Address />
        <RetryCount>3</RetryCount>
        <RetryInterval>5</RetryInterval>
        <ServiceWindowEnabled>false</ServiceWindowEnabled>
        <FromTime>2000-01-01T07:00:00</FromTime>
        <ToTime>2000-01-01T06:59:59</ToTime>
        <Primary>false</Primary>
        <OrderedDelivery>false</OrderedDelivery>
        <DeliveryNotification>1</DeliveryNotification>
        <SendHandler xsi:nil="true" />
      </SecondaryTransport>
      <ReceivePipelineData xsi:nil="true" />
      <Tracking>204</Tracking>
      <Filter>&lt;?xml version="1.0" encoding="utf-16"?&gt;
&lt;Filter xmlns:xsi="http://www.w3.org/2001/XMLSchema-instance" xmlns:xsd="http://www.w3.org/2001/XMLSchema" /&gt;</Filter>
      <Transforms />
      <OrderedDelivery>false</OrderedDelivery>
      <Priority>5</Priority>
      <StopSendingOnFailure>false</StopSendingOnFailure>
      <RouteFailedMessage>false</RouteFailedMessage>
      <ApplicationName>Demos.Northwind</ApplicationName>
    </SendPort>
  </SendPortCollection>
  <DistributionListCollection />
  <ReceivePortCollection>
    <ReceivePort Name="Northwind_ReceiveOrders_OneWay" IsTwoWay="false" BindingOption="0">
      <Description xsi:nil="true" />
      <ReceiveLocations>
        <ReceiveLocation Name="Northwind_ReceiveOrders_OneWay_File">
          <Description xsi:nil="true" />
          <Address>C:\AllFiles\DemoCode\Northwind\Ports\FileIN\*.xml</Address>
          <PublicAddress />
          <Primary>true</Primary>
          <ReceiveLocationServiceWindowEnabled>false</ReceiveLocationServiceWindowEnabled>
          <ReceiveLocationFromTime>2000-01-01T07:00:00</ReceiveLocationFromTime>
          <ReceiveLocationToTime>2000-01-01T06:59:59</ReceiveLocationToTime>
          <ReceiveLocationStartDateEnabled>false</ReceiveLocationStartDateEnabled>
          <ReceiveLocationStartDate>2006-05-12T00:00:00</ReceiveLocationStartDate>
          <ReceiveLocationEndDateEnabled>false</ReceiveLocationEndDateEnabled>
          <ReceiveLocationEndDate>2006-05-13T23:59:59</ReceiveLocationEndDate>
          <ReceiveLocationTransportType Name="FILE" Capabilities="11" ConfigurationClsid="5e49e3a6-b4fc-4077-b44c-22f34a242fdb" />
          <ReceiveLocationTransportTypeData>&lt;CustomProps&gt;&lt;RemoveReceivedFileDelay vt="19"&gt;10&lt;/RemoveReceivedFileDelay&gt;&lt;RemoveReceivedFileMaxInterval vt="19"&gt;300000&lt;/RemoveReceivedFileMaxInterval&gt;&lt;FileMask vt="8"&gt;*.xml&lt;/FileMask&gt;&lt;RenameReceivedFiles vt="11"&gt;0&lt;/RenameReceivedFiles&gt;&lt;FileNetFailRetryInt vt="19"&gt;5&lt;/FileNetFailRetryInt&gt;&lt;RemoveReceivedFileRetryCount vt="19"&gt;5&lt;/RemoveReceivedFileRetryCount&gt;&lt;BatchSizeInBytes vt="19"&gt;102400&lt;/BatchSizeInBytes&gt;&lt;PollingInterval vt="19"&gt;60000&lt;/PollingInterval&gt;&lt;FileNetFailRetryCount vt="19"&gt;5&lt;/FileNetFailRetryCount&gt;&lt;BatchSize vt="19"&gt;20&lt;/BatchSize&gt;&lt;/CustomProps&gt;</ReceiveLocationTransportTypeData>
          <ReceivePipeline Name="Microsoft.BizTalk.DefaultPipelines.XMLReceive" FullyQualifiedName="Microsoft.BizTalk.DefaultPipelines.XMLReceive, Microsoft.BizTalk.DefaultPipelines, Version=3.0.1.0, Culture=neutral, PublicKeyToken=31bf3856ad364e35" Type="1" TrackingOption="ServiceStartEnd MessageSendReceive PipelineEvents" Description="" />
          <ReceivePipelineData xsi:nil="true" />
          <SendPipeline xsi:nil="true" />
          <SendPipelineData xsi:nil="true" />
          <Enable>true</Enable>
          <ReceiveHandler Name="BizTalkServerApplication" HostTrusted="false">
            <TransportType Name="FILE" Capabilities="11" ConfigurationClsid="5e49e3a6-b4fc-4077-b44c-22f34a242fdb" />
          </ReceiveHandler>
        </ReceiveLocation>
      </ReceiveLocations>
      <SendPipelineData xsi:nil="true" />
      <Authentication>0</Authentication>
      <Tracking>51</Tracking>
      <Transforms>
        <Transform FullName="Demos.Northwind.Maps.ExternalToInternal" AssemblyQualifiedName="Demos.Northwind.Maps.ExternalToInternal,Demos.Northwind.Maps, Version=1.0.0.0, Culture=neutral, PublicKeyToken=e0dfaa76ddfb73e4" />
      </Transforms>
      <RouteFailedMessage>false</RouteFailedMessage>
      <ApplicationName>Demos.Northwind</ApplicationName>
    </ReceivePort>
  </ReceivePortCollection>
  <PartyCollection xsi:nil="true" />
</BindingInfo>