<?xml version="1.0" encoding="utf-8"?>
<BindingInfo xmlns:xsi="http://www.w3.org/2001/XMLSchema-instance" xmlns:xsd="http://www.w3.org/2001/XMLSchema" Assembly="Microsoft.BizTalk.Deployment, Version=3.0.1.0, Culture=neutral, PublicKeyToken=31bf3856ad364e35" Version="3.5.1.0" BindingStatus="NoBindings" BoundEndpoints="0" TotalEndpoints="0">
  <Timestamp>2010-12-22T12:43:01.2387614-08:00</Timestamp>
  <ModuleRefCollection>
    <ModuleRef Name="[Application:Demos.Northwind]" Version="" Culture="" PublicKeyToken="" FullName="[Application:Demos.Northwind], Version=, Culture=, PublicKeyToken=">
      <Services />
      <TrackedSchemas />
    </ModuleRef>
  </ModuleRefCollection>
  <SendPortCollection />
  <DistributionListCollection />
  <ReceivePortCollection>
    <ReceivePort Name="Northwind_ReceiveOrders_TwoWay" IsTwoWay="true" BindingOption="0">
      <Description xsi:nil="true" />
      <ReceiveLocations>
        <ReceiveLocation Name="Northwind_ReceiveOrders_TwoWay_WCF-NetTcp">
          <Description xsi:nil="true" />
          <Address>net.tcp://localhost/ReceiveOrdersTwoWay</Address>
          <PublicAddress />
          <Primary>true</Primary>
          <ReceiveLocationServiceWindowEnabled>false</ReceiveLocationServiceWindowEnabled>
          <ReceiveLocationFromTime>2010-12-22T08:00:00</ReceiveLocationFromTime>
          <ReceiveLocationToTime>2010-12-23T07:59:59</ReceiveLocationToTime>
          <ReceiveLocationStartDateEnabled>false</ReceiveLocationStartDateEnabled>
          <ReceiveLocationStartDate>2010-12-22T00:00:00</ReceiveLocationStartDate>
          <ReceiveLocationEndDateEnabled>false</ReceiveLocationEndDateEnabled>
          <ReceiveLocationEndDate>2010-12-23T00:00:00</ReceiveLocationEndDate>
          <ReceiveLocationTransportType Name="WCF-NetTcp" Capabilities="907" ConfigurationClsid="7fd2dfcd-6a7b-44f9-8387-29457fd2eaaf" />
          <ReceiveLocationTransportTypeData>&lt;CustomProps&gt;&lt;ServiceCertificate vt="8" /&gt;&lt;EnableTransaction vt="11"&gt;0&lt;/EnableTransaction&gt;&lt;OutboundBodyLocation vt="8"&gt;UseBodyElement&lt;/OutboundBodyLocation&gt;&lt;InboundBodyPathExpression vt="8" /&gt;&lt;MaxReceivedMessageSize vt="3"&gt;65536&lt;/MaxReceivedMessageSize&gt;&lt;InboundBodyLocation vt="8"&gt;UseBodyElement&lt;/InboundBodyLocation&gt;&lt;AlgorithmSuite vt="8"&gt;Basic256&lt;/AlgorithmSuite&gt;&lt;TransactionProtocol vt="8"&gt;OleTransactions&lt;/TransactionProtocol&gt;&lt;TransportProtectionLevel vt="8"&gt;EncryptAndSign&lt;/TransportProtectionLevel&gt;&lt;InboundNodeEncoding vt="8"&gt;Xml&lt;/InboundNodeEncoding&gt;&lt;SecurityMode vt="8"&gt;Transport&lt;/SecurityMode&gt;&lt;IncludeExceptionDetailInFaults vt="11"&gt;0&lt;/IncludeExceptionDetailInFaults&gt;&lt;TransportClientCredentialType vt="8"&gt;Windows&lt;/TransportClientCredentialType&gt;&lt;CloseTimeout vt="8"&gt;00:01:00&lt;/CloseTimeout&gt;&lt;OpenTimeout vt="8"&gt;00:01:00&lt;/OpenTimeout&gt;&lt;OutboundXmlTemplate vt="8"&gt;&amp;lt;bts-msg-body xmlns="http://www.microsoft.com/schemas/bts2007" encoding="xml"/&amp;gt;&lt;/OutboundXmlTemplate&gt;&lt;MessageClientCredentialType vt="8"&gt;Windows&lt;/MessageClientCredentialType&gt;&lt;SuspendMessageOnFailure vt="11"&gt;0&lt;/SuspendMessageOnFailure&gt;&lt;SendTimeout vt="8"&gt;00:01:00&lt;/SendTimeout&gt;&lt;UseSSO vt="11"&gt;0&lt;/UseSSO&gt;&lt;LeaseTimeout vt="8"&gt;00:05:00&lt;/LeaseTimeout&gt;&lt;MaxConcurrentCalls vt="3"&gt;200&lt;/MaxConcurrentCalls&gt;&lt;/CustomProps&gt;</ReceiveLocationTransportTypeData>
          <ReceivePipeline Name="Microsoft.BizTalk.DefaultPipelines.XMLReceive" FullyQualifiedName="Microsoft.BizTalk.DefaultPipelines.XMLReceive, Microsoft.BizTalk.DefaultPipelines, Version=3.0.1.0, Culture=neutral, PublicKeyToken=31bf3856ad364e35" Type="1" TrackingOption="ServiceStartEnd MessageSendReceive PipelineEvents" Description="" />
          <ReceivePipelineData xsi:nil="true" />
          <SendPipeline Name="Microsoft.BizTalk.DefaultPipelines.PassThruTransmit" FullyQualifiedName="Microsoft.BizTalk.DefaultPipelines.PassThruTransmit, Microsoft.BizTalk.DefaultPipelines, Version=3.0.1.0, Culture=neutral, PublicKeyToken=31bf3856ad364e35" Type="2" TrackingOption="ServiceStartEnd MessageSendReceive PipelineEvents" Description="" />
          <SendPipelineData xsi:nil="true" />
          <Enable>false</Enable>
          <ReceiveHandler Name="BizTalkServerApplication" HostTrusted="false">
            <TransportType Name="WCF-NetTcp" Capabilities="907" ConfigurationClsid="7fd2dfcd-6a7b-44f9-8387-29457fd2eaaf" />
          </ReceiveHandler>
        </ReceiveLocation>
      </ReceiveLocations>
      <SendPipelineData xsi:nil="true" />
      <Authentication>0</Authentication>
      <Tracking>0</Tracking>
      <Transforms />
      <OutboundTransforms />
      <RouteFailedMessage>false</RouteFailedMessage>
      <ApplicationName>Demos.Northwind</ApplicationName>
    </ReceivePort>
  </ReceivePortCollection>
  <PartyCollection xsi:nil="true" />
</BindingInfo>