<?xml version="1.0" encoding="UTF-8"?><?mso-infoPathSolution solutionVersion="1.0.0.19" productVersion="14.0.0" PIVersion="1.0.0.0" href="http://biztalkdemo/LoanApplications/Forms/template.xsn" name="urn:schemas-microsoft-com:office:infopath:LoanApplications:http---LoansProcessor-LoanApp" language="en-us" ?><?mso-application progid="InfoPath.Document" versionProgid="InfoPath.Document.3"?><ns1:LoanApp xmlns:xsi="http://www.w3.org/2001/XMLSchema-instance" xmlns:ns1="http://LoansProcessor.LoanApp" xmlns:b="http://schemas.microsoft.com/BizTalk/2003" xmlns:my="http://schemas.microsoft.com/office/infopath/2003/myXSD/2006-01-18T20:58:38" xmlns:xd="http://schemas.microsoft.com/office/infopath/2003">
	<LoanConditions LoanStatus="Pending" LoanAmount="300000" Term="30" LoanToIncome="80"></LoanConditions>
	<Income>
		<BasicSalary>150000</BasicSalary>
		<OtherIncome>15000</OtherIncome>
	</Income>
	<Employment>
		<TimeInMonths>15</TimeInMonths>
	</Employment>
	<Residency>
		<TimeInMonths>16</TimeInMonths>
	</Residency>
</ns1:LoanApp>