<?xml version="1.0" encoding="utf-8"?>
<BindingInfo xmlns:xsi="http://www.w3.org/2001/XMLSchema-instance" xmlns:xsd="http://www.w3.org/2001/XMLSchema" Assembly="Microsoft.BizTalk.Deployment, Version=3.0.1.0, Culture=neutral, PublicKeyToken=31bf3856ad364e35" Version="3.5.1.0" BindingStatus="NoBindings" BoundEndpoints="0" TotalEndpoints="0">
  <Timestamp>2010-11-05T07:43:05.6707833-07:00</Timestamp>
  <ModuleRefCollection>
    <ModuleRef Name="[Application:EDISending]" Version="" Culture="" PublicKeyToken="" FullName="[Application:EDISending], Version=, Culture=, PublicKeyToken=">
      <Services />
      <TrackedSchemas>
        <Schema FullName="Contoso.Schemas.Internal.PropertySchema.PropertySchema" AssemblyQualifiedName="Contoso.Schemas.Internal.PropertySchema.PropertySchema,Contoso.Schemas.Internal, Version=1.0.0.0, Culture=neutral, PublicKeyToken=ff72aa2404f7f426" AlwaysTrackAllProperties="false">
          <TrackedPropertyNames />
        </Schema>
        <Schema FullName="Contoso.Schemas.Internal.InternalInvoice" RootName="Invoice" AssemblyQualifiedName="Contoso.Schemas.Internal.InternalInvoice,Contoso.Schemas.Internal, Version=1.0.0.0, Culture=neutral, PublicKeyToken=ff72aa2404f7f426" AlwaysTrackAllProperties="false">
          <TrackedPropertyNames />
        </Schema>
        <Schema FullName="Contoso.EDI.EDIFACT.EFACT_D96A_INVOIC" RootName="EFACT_D96A_INVOIC" AssemblyQualifiedName="Contoso.EDI.EDIFACT.EFACT_D96A_INVOIC,Contoso.EDI.EDIFACT, Version=1.0.0.0, Culture=neutral, PublicKeyToken=d8160586e73fe474" AlwaysTrackAllProperties="false">
          <TrackedPropertyNames />
        </Schema>
      </TrackedSchemas>
    </ModuleRef>
    <ModuleRef Name="Contoso.Schemas.Internal" Version="1.0.0.0" Culture="neutral" PublicKeyToken="ff72aa2404f7f426" FullName="Contoso.Schemas.Internal, Version=1.0.0.0, Culture=neutral, PublicKeyToken=ff72aa2404f7f426">
      <Services />
      <TrackedSchemas />
    </ModuleRef>
    <ModuleRef Name="Contoso.EDI.EDIFACT" Version="1.0.0.0" Culture="neutral" PublicKeyToken="d8160586e73fe474" FullName="Contoso.EDI.EDIFACT, Version=1.0.0.0, Culture=neutral, PublicKeyToken=d8160586e73fe474">
      <Services />
      <TrackedSchemas />
    </ModuleRef>
    <ModuleRef Name="#" Version="0.0" Culture="neutral" PublicKeyToken="" FullName="#, Version=0.0, Culture=neutral, PublicKeyToken=">
      <Services />
      <TrackedSchemas />
    </ModuleRef>
  </ModuleRefCollection>
  <SendPortCollection>
    <SendPort Name="Contoso_EDIFACT_FILE" IsStatic="true" IsTwoWay="false" BindingOption="0">
      <Description xsi:nil="true" />
      <TransmitPipeline Name="Microsoft.BizTalk.Edi.DefaultPipelines.EdiSend" FullyQualifiedName="Microsoft.BizTalk.Edi.DefaultPipelines.EdiSend, Microsoft.BizTalk.Edi.EdiPipelines, Version=3.0.1.0, Culture=neutral, PublicKeyToken=31bf3856ad364e35" Type="2" TrackingOption="ServiceStartEnd MessageSendReceive PipelineEvents" />
      <PrimaryTransport>
        <Address>C:\AllFiles\DemoCode\Northwind\Ports\EdifactSend\%MessageID%.txt</Address>
        <TransportType Name="FILE" Capabilities="11" ConfigurationClsid="5e49e3a6-b4fc-4077-b44c-22f34a242fdb" />
        <TransportTypeData>&lt;CustomProps&gt;&lt;UseTempFileOnWrite vt="11"&gt;0&lt;/UseTempFileOnWrite&gt;&lt;AllowCacheOnWrite vt="11"&gt;0&lt;/AllowCacheOnWrite&gt;&lt;CopyMode vt="19"&gt;1&lt;/CopyMode&gt;&lt;FileName vt="8"&gt;%MessageID%.txt&lt;/FileName&gt;&lt;/CustomProps&gt;</TransportTypeData>
        <RetryCount>3</RetryCount>
        <RetryInterval>5</RetryInterval>
        <ServiceWindowEnabled>false</ServiceWindowEnabled>
        <FromTime>2010-11-04T07:00:00</FromTime>
        <ToTime>2010-11-05T06:59:59</ToTime>
        <Primary>true</Primary>
        <OrderedDelivery>false</OrderedDelivery>
        <DeliveryNotification>1</DeliveryNotification>
        <SendHandler Name="BizTalkServerApplication" HostTrusted="false">
          <TransportType Name="FILE" Capabilities="11" ConfigurationClsid="5e49e3a6-b4fc-4077-b44c-22f34a242fdb" />
        </SendHandler>
      </PrimaryTransport>
      <SecondaryTransport>
        <Address />
        <RetryCount>3</RetryCount>
        <RetryInterval>5</RetryInterval>
        <ServiceWindowEnabled>false</ServiceWindowEnabled>
        <FromTime>2010-11-04T07:00:00</FromTime>
        <ToTime>2010-11-05T06:59:59</ToTime>
        <Primary>false</Primary>
        <OrderedDelivery>false</OrderedDelivery>
        <DeliveryNotification>1</DeliveryNotification>
        <SendHandler xsi:nil="true" />
      </SecondaryTransport>
      <ReceivePipelineData xsi:nil="true" />
      <Tracking>0</Tracking>
      <Filter>&lt;?xml version="1.0" encoding="utf-16"?&gt;
&lt;Filter xmlns:xsi="http://www.w3.org/2001/XMLSchema-instance" xmlns:xsd="http://www.w3.org/2001/XMLSchema"&gt;
  &lt;Group&gt;
    &lt;Statement Property="BTS.MessageType" Operator="0" Value="http://schemas.microsoft.com/BizTalk/EDI/EDIFACT/2006#EFACT_D96A_INVOIC" /&gt;
  &lt;/Group&gt;
&lt;/Filter&gt;</Filter>
      <Transforms />
      <OrderedDelivery>false</OrderedDelivery>
      <Priority>5</Priority>
      <StopSendingOnFailure>false</StopSendingOnFailure>
      <RouteFailedMessage>false</RouteFailedMessage>
      <ApplicationName>EDISending</ApplicationName>
    </SendPort>
  </SendPortCollection>
  <DistributionListCollection />
  <ReceivePortCollection>
    <ReceivePort Name="InternalReceivePort" IsTwoWay="false" BindingOption="0">
      <Description xsi:nil="true" />
      <ReceiveLocations>
        <ReceiveLocation Name="InternalInvoice_FILE">
          <Description xsi:nil="true" />
          <Address>C:\AllFiles\DemoCode\Northwind\Ports\FileIN\*.xml</Address>
          <PublicAddress />
          <Primary>true</Primary>
          <ReceiveLocationServiceWindowEnabled>false</ReceiveLocationServiceWindowEnabled>
          <ReceiveLocationFromTime>2010-11-04T07:00:00</ReceiveLocationFromTime>
          <ReceiveLocationToTime>2010-11-05T06:59:59</ReceiveLocationToTime>
          <ReceiveLocationStartDateEnabled>false</ReceiveLocationStartDateEnabled>
          <ReceiveLocationStartDate>2010-11-04T00:00:00</ReceiveLocationStartDate>
          <ReceiveLocationEndDateEnabled>false</ReceiveLocationEndDateEnabled>
          <ReceiveLocationEndDate>2010-11-05T00:00:00</ReceiveLocationEndDate>
          <ReceiveLocationTransportType Name="FILE" Capabilities="11" ConfigurationClsid="5e49e3a6-b4fc-4077-b44c-22f34a242fdb" />
          <ReceiveLocationTransportTypeData>&lt;CustomProps&gt;&lt;RemoveReceivedFileDelay vt="19"&gt;10&lt;/RemoveReceivedFileDelay&gt;&lt;RemoveReceivedFileMaxInterval vt="19"&gt;300000&lt;/RemoveReceivedFileMaxInterval&gt;&lt;FileMask vt="8"&gt;*.xml&lt;/FileMask&gt;&lt;RenameReceivedFiles vt="11"&gt;-1&lt;/RenameReceivedFiles&gt;&lt;FileNetFailRetryInt vt="19"&gt;5&lt;/FileNetFailRetryInt&gt;&lt;RemoveReceivedFileRetryCount vt="19"&gt;5&lt;/RemoveReceivedFileRetryCount&gt;&lt;BatchSizeInBytes vt="19"&gt;102400&lt;/BatchSizeInBytes&gt;&lt;PollingInterval vt="19"&gt;5000&lt;/PollingInterval&gt;&lt;FileNetFailRetryCount vt="19"&gt;5&lt;/FileNetFailRetryCount&gt;&lt;BatchSize vt="19"&gt;20&lt;/BatchSize&gt;&lt;/CustomProps&gt;</ReceiveLocationTransportTypeData>
          <ReceivePipeline Name="Microsoft.BizTalk.DefaultPipelines.XMLReceive" FullyQualifiedName="Microsoft.BizTalk.DefaultPipelines.XMLReceive, Microsoft.BizTalk.DefaultPipelines, Version=3.0.1.0, Culture=neutral, PublicKeyToken=31bf3856ad364e35" Type="1" TrackingOption="ServiceStartEnd MessageSendReceive PipelineEvents" Description="" />
          <ReceivePipelineData xsi:nil="true" />
          <SendPipeline xsi:nil="true" />
          <SendPipelineData xsi:nil="true" />
          <Enable>true</Enable>
          <ReceiveHandler Name="BizTalkServerApplication" HostTrusted="false">
            <TransportType Name="FILE" Capabilities="11" ConfigurationClsid="5e49e3a6-b4fc-4077-b44c-22f34a242fdb" />
          </ReceiveHandler>
        </ReceiveLocation>
      </ReceiveLocations>
      <SendPipelineData xsi:nil="true" />
      <Authentication>0</Authentication>
      <Tracking>0</Tracking>
      <Transforms>
        <Transform FullName="Contoso.EDI.EDIFACT.InternalInvoiceToD96A_INVOIC" AssemblyQualifiedName="Contoso.EDI.EDIFACT.InternalInvoiceToD96A_INVOIC,Contoso.EDI.EDIFACT, Version=1.0.0.0, Culture=neutral, PublicKeyToken=d8160586e73fe474" />
      </Transforms>
      <RouteFailedMessage>false</RouteFailedMessage>
      <ApplicationName>EDISending</ApplicationName>
    </ReceivePort>
  </ReceivePortCollection>
  <PartyCollection>
    <ArrayOfPartner xmlns:i="http://www.w3.org/2001/XMLSchema-instance" xmlns="http://schemas.datacontract.org/2004/07/Microsoft.BizTalk.Deployment.B2B.PartnerManagement">
      <Partner>
        <BusinessProfiles>
          <BusinessProfile>
            <CustomSettings xmlns:d5p1="http://schemas.datacontract.org/2004/07/System.Collections.Generic" />
            <Identities xmlns:d5p1="http://schemas.datacontract.org/2004/07/Microsoft.BizTalk.B2B.PartnerManagement">
              <d5p1:BusinessIdentity z:Id="i1" i:type="d5p1:QualifierIdentity" xmlns:z="http://schemas.microsoft.com/2003/10/Serialization/">
                <d5p1:BusinessProfileReference xmlns:d7p1="http://schemas.datacontract.org/2004/07/System.Data.Objects.DataClasses">
                </d5p1:BusinessProfileReference>
                <d5p1:FallbackAgreement1Reference xmlns:d7p1="http://schemas.datacontract.org/2004/07/System.Data.Objects.DataClasses">
                </d5p1:FallbackAgreement1Reference>
                <d5p1:FallbackAgreementReference xmlns:d7p1="http://schemas.datacontract.org/2004/07/System.Data.Objects.DataClasses">
                </d5p1:FallbackAgreementReference>
                <d5p1:Name>QualifierIdentity</d5p1:Name>
                <d5p1:version>AAAAAAAAFEM=</d5p1:version>
                <d5p1:AdditionalData>x12</d5p1:AdditionalData>
                <d5p1:Description>Mutually Defined (X12)</d5p1:Description>
                <d5p1:Qualifier>ZZ</d5p1:Qualifier>
                <d5p1:Value>NORTHWIND</d5p1:Value>
              </d5p1:BusinessIdentity>
              <d5p1:BusinessIdentity z:Id="i2" i:type="d5p1:QualifierIdentity" xmlns:z="http://schemas.microsoft.com/2003/10/Serialization/">
                <d5p1:BusinessProfileReference xmlns:d7p1="http://schemas.datacontract.org/2004/07/System.Data.Objects.DataClasses">
                </d5p1:BusinessProfileReference>
                <d5p1:FallbackAgreement1Reference xmlns:d7p1="http://schemas.datacontract.org/2004/07/System.Data.Objects.DataClasses">
                </d5p1:FallbackAgreement1Reference>
                <d5p1:FallbackAgreementReference xmlns:d7p1="http://schemas.datacontract.org/2004/07/System.Data.Objects.DataClasses">
                </d5p1:FallbackAgreementReference>
                <d5p1:Name>QualifierIdentity</d5p1:Name>
                <d5p1:version>AAAAAAAAFEQ=</d5p1:version>
                <d5p1:AdditionalData>edifact</d5p1:AdditionalData>
                <d5p1:Description>Mutually Defined</d5p1:Description>
                <d5p1:Qualifier>ZZZ</d5p1:Qualifier>
                <d5p1:Value>NORTHWIND</d5p1:Value>
              </d5p1:BusinessIdentity>
            </Identities>
            <Name>Northwind_Profile</Name>
            <ProtocolSettings xmlns:d5p1="http://schemas.datacontract.org/2004/07/Microsoft.BizTalk.B2B.PartnerManagement" />
          </BusinessProfile>
        </BusinessProfiles>
        <CustomSettings xmlns:d3p1="http://schemas.datacontract.org/2004/07/System.Collections.Generic">
          <d3p1:KeyValuePairOfstringstring>
            <d3p1:key>biztalk.HostParty</d3p1:key>
            <d3p1:value>True</d3p1:value>
          </d3p1:KeyValuePairOfstringstring>
        </CustomSettings>
        <Name>Northwind</Name>
        <SendPortReferences xmlns:d3p1="http://schemas.datacontract.org/2004/07/Microsoft.BizTalk.B2B.PartnerManagement" />
      </Partner>
      <Partner>
        <BusinessProfiles>
          <BusinessProfile>
            <CustomSettings xmlns:d5p1="http://schemas.datacontract.org/2004/07/System.Collections.Generic" />
            <Identities xmlns:d5p1="http://schemas.datacontract.org/2004/07/Microsoft.BizTalk.B2B.PartnerManagement">
              <d5p1:BusinessIdentity z:Id="i3" i:type="d5p1:QualifierIdentity" xmlns:z="http://schemas.microsoft.com/2003/10/Serialization/">
                <d5p1:BusinessProfileReference xmlns:d7p1="http://schemas.datacontract.org/2004/07/System.Data.Objects.DataClasses">
                </d5p1:BusinessProfileReference>
                <d5p1:FallbackAgreement1Reference xmlns:d7p1="http://schemas.datacontract.org/2004/07/System.Data.Objects.DataClasses">
                </d5p1:FallbackAgreement1Reference>
                <d5p1:FallbackAgreementReference xmlns:d7p1="http://schemas.datacontract.org/2004/07/System.Data.Objects.DataClasses">
                </d5p1:FallbackAgreementReference>
                <d5p1:Name>QualifierIdentity</d5p1:Name>
                <d5p1:version>AAAAAAAAFEU=</d5p1:version>
                <d5p1:AdditionalData>x12</d5p1:AdditionalData>
                <d5p1:Description>Mutually Defined (X12)</d5p1:Description>
                <d5p1:Qualifier>ZZ</d5p1:Qualifier>
                <d5p1:Value>CONTOSO</d5p1:Value>
              </d5p1:BusinessIdentity>
              <d5p1:BusinessIdentity z:Id="i4" i:type="d5p1:QualifierIdentity" xmlns:z="http://schemas.microsoft.com/2003/10/Serialization/">
                <d5p1:BusinessProfileReference xmlns:d7p1="http://schemas.datacontract.org/2004/07/System.Data.Objects.DataClasses">
                </d5p1:BusinessProfileReference>
                <d5p1:FallbackAgreement1Reference xmlns:d7p1="http://schemas.datacontract.org/2004/07/System.Data.Objects.DataClasses">
                </d5p1:FallbackAgreement1Reference>
                <d5p1:FallbackAgreementReference xmlns:d7p1="http://schemas.datacontract.org/2004/07/System.Data.Objects.DataClasses">
                </d5p1:FallbackAgreementReference>
                <d5p1:Name>QualifierIdentity</d5p1:Name>
                <d5p1:version>AAAAAAAAFEY=</d5p1:version>
                <d5p1:AdditionalData>edifact</d5p1:AdditionalData>
                <d5p1:Description>Mutually Defined</d5p1:Description>
                <d5p1:Qualifier>ZZZ</d5p1:Qualifier>
                <d5p1:Value>CONTOSO</d5p1:Value>
              </d5p1:BusinessIdentity>
            </Identities>
            <Name>Contoso_Profile</Name>
            <ProtocolSettings xmlns:d5p1="http://schemas.datacontract.org/2004/07/Microsoft.BizTalk.B2B.PartnerManagement">
              <d5p1:ProtocolSettings z:Id="i5" i:type="d5p1:X12ProtocolSettings" xmlns:z="http://schemas.microsoft.com/2003/10/Serialization/">
                <d5p1:BusinessProfileReference xmlns:d7p1="http://schemas.datacontract.org/2004/07/System.Data.Objects.DataClasses">
                </d5p1:BusinessProfileReference>
                <d5p1:FallbackAgreementReference xmlns:d7p1="http://schemas.datacontract.org/2004/07/System.Data.Objects.DataClasses">
                </d5p1:FallbackAgreementReference>
                <d5p1:OnewayAgreementReference xmlns:d7p1="http://schemas.datacontract.org/2004/07/System.Data.Objects.DataClasses">
                </d5p1:OnewayAgreementReference>
                <d5p1:ProtocolName>x12</d5p1:ProtocolName>
                <d5p1:SettingsName>X12_Settings_1</d5p1:SettingsName>
                <d5p1:AcknowledgementControlNumberLowerBound>1</d5p1:AcknowledgementControlNumberLowerBound>
                <d5p1:AcknowledgementControlNumberRollover>true</d5p1:AcknowledgementControlNumberRollover>
                <d5p1:AcknowledgementControlNumberUpperBound>999999999</d5p1:AcknowledgementControlNumberUpperBound>
                <d5p1:AllowLeadingAndTrailingSpacesAndZeroes>false</d5p1:AllowLeadingAndTrailingSpacesAndZeroes>
                <d5p1:AuthorizationQualifier>00</d5p1:AuthorizationQualifier>
                <d5p1:BatchFunctionalAck>true</d5p1:BatchFunctionalAck>
                <d5p1:BatchTechnicalAck>true</d5p1:BatchTechnicalAck>
                <d5p1:CharacterSet>2</d5p1:CharacterSet>
                <d5p1:CheckDuplicateGroupControlNumber>false</d5p1:CheckDuplicateGroupControlNumber>
                <d5p1:CheckDuplicateInterchangeControlNumber>false</d5p1:CheckDuplicateInterchangeControlNumber>
                <d5p1:CheckDuplicateTransactionSetControlNumber>false</d5p1:CheckDuplicateTransactionSetControlNumber>
                <d5p1:ComponentSeparator>58</d5p1:ComponentSeparator>
                <d5p1:ControlStandardsId>85</d5p1:ControlStandardsId>
                <d5p1:ControlVersionNumber>00401</d5p1:ControlVersionNumber>
                <d5p1:ConvertImpliedDecimal>false</d5p1:ConvertImpliedDecimal>
                <d5p1:CreateEmptyXmlTagsForTrailingSeparators>true</d5p1:CreateEmptyXmlTagsForTrailingSeparators>
                <d5p1:DataElementSeparator>42</d5p1:DataElementSeparator>
                <d5p1:EnableDefaultGroupHeaders>true</d5p1:EnableDefaultGroupHeaders>
                <d5p1:GenerateLoopForValidMessagesInAck>false</d5p1:GenerateLoopForValidMessagesInAck>
                <d5p1:GroupControlNumberLowerBound>1</d5p1:GroupControlNumberLowerBound>
                <d5p1:GroupControlNumberRollover>true</d5p1:GroupControlNumberRollover>
                <d5p1:GroupControlNumberUpperBound>999999999</d5p1:GroupControlNumberUpperBound>
                <d5p1:GroupDateFormat>1</d5p1:GroupDateFormat>
                <d5p1:GroupHeaderVersion>00401</d5p1:GroupHeaderVersion>
                <d5p1:GroupResponsibleAgencyCode>84</d5p1:GroupResponsibleAgencyCode>
                <d5p1:GroupTimeFormat>0</d5p1:GroupTimeFormat>
                <d5p1:InterchangeControlNumberLowerBound>1</d5p1:InterchangeControlNumberLowerBound>
                <d5p1:InterchangeControlNumberRollover>true</d5p1:InterchangeControlNumberRollover>
                <d5p1:InterchangeControlNumberUpperBound>999999999</d5p1:InterchangeControlNumberUpperBound>
                <d5p1:InterchangeDuplicatesValidity>30</d5p1:InterchangeDuplicatesValidity>
                <d5p1:MaskSecurityInfo>true</d5p1:MaskSecurityInfo>
                <d5p1:MessageFilterType>1</d5p1:MessageFilterType>
                <d5p1:NeedFunctionalAck>false</d5p1:NeedFunctionalAck>
                <d5p1:NeedTechnicalAck>false</d5p1:NeedTechnicalAck>
                <d5p1:PreserveInterchange>false</d5p1:PreserveInterchange>
                <d5p1:ReceiverApplicationId>RECEIVE-APP</d5p1:ReceiverApplicationId>
                <d5p1:ReplaceChar>36</d5p1:ReplaceChar>
                <d5p1:ReplaceSeparatorsInPayload>false</d5p1:ReplaceSeparatorsInPayload>
                <d5p1:RouteAcktoSendPipeline>true</d5p1:RouteAcktoSendPipeline>
                <d5p1:RowVersion>AAAAAAAAE9w=</d5p1:RowVersion>
                <d5p1:SecurityQualifier>00</d5p1:SecurityQualifier>
                <d5p1:SegmentTerminator>126</d5p1:SegmentTerminator>
                <d5p1:SegmentTerminatorSuffix>0</d5p1:SegmentTerminatorSuffix>
                <d5p1:SenderApplicationId>BTS-SENDER</d5p1:SenderApplicationId>
                <d5p1:SuspendInterchangeOnError>false</d5p1:SuspendInterchangeOnError>
                <d5p1:TSApplyNewId>true</d5p1:TSApplyNewId>
                <d5p1:TSControlNumberLowerBound>1</d5p1:TSControlNumberLowerBound>
                <d5p1:TSControlNumberRollover>true</d5p1:TSControlNumberRollover>
                <d5p1:TSControlNumberUpperBound>999999999</d5p1:TSControlNumberUpperBound>
                <d5p1:TargetNamespace>http://schemas.microsoft.com/BizTalk/EDI/X12/2006</d5p1:TargetNamespace>
                <d5p1:TrailingSeparatorPolicy>0</d5p1:TrailingSeparatorPolicy>
                <d5p1:UsageIndicator>0</d5p1:UsageIndicator>
                <d5p1:UseControlStandardsIdAsRepSep>false</d5p1:UseControlStandardsIdAsRepSep>
                <d5p1:UseDotAsDecimalSeparator>false</d5p1:UseDotAsDecimalSeparator>
                <d5p1:ValidateCharacterSet>true</d5p1:ValidateCharacterSet>
                <d5p1:ValidateEDITypes>true</d5p1:ValidateEDITypes>
                <d5p1:ValidateExtended>false</d5p1:ValidateExtended>
              </d5p1:ProtocolSettings>
            </ProtocolSettings>
          </BusinessProfile>
        </BusinessProfiles>
        <CustomSettings xmlns:d3p1="http://schemas.datacontract.org/2004/07/System.Collections.Generic">
          <d3p1:KeyValuePairOfstringstring>
            <d3p1:key>biztalk.HostParty</d3p1:key>
            <d3p1:value>False</d3p1:value>
          </d3p1:KeyValuePairOfstringstring>
        </CustomSettings>
        <Name>Contoso</Name>
        <SendPortReferences xmlns:d3p1="http://schemas.datacontract.org/2004/07/Microsoft.BizTalk.B2B.PartnerManagement">
          <d3p1:SendPortReference z:Id="i7" xmlns:z="http://schemas.microsoft.com/2003/10/Serialization/">
            <d3p1:Name>Contoso_EDIFACT_FILE</d3p1:Name>
            <d3p1:PartnerReference xmlns:d5p1="http://schemas.datacontract.org/2004/07/System.Data.Objects.DataClasses">
            </d3p1:PartnerReference>
            <d3p1:SequenceNumber>0</d3p1:SequenceNumber>
            <d3p1:version>AAAAAAAAF3g=</d3p1:version>
          </d3p1:SendPortReference>
        </SendPortReferences>
      </Partner>
    </ArrayOfPartner>
    <ArrayOfPartnership xmlns:i="http://www.w3.org/2001/XMLSchema-instance" xmlns="http://schemas.datacontract.org/2004/07/Microsoft.BizTalk.Deployment.B2B.PartnerManagement">
      <Partnership>
        <Agreements>
          <Agreement>
            <Contacts xmlns:d5p1="http://schemas.datacontract.org/2004/07/Microsoft.BizTalk.B2B.PartnerManagement">
              <d5p1:Contact z:Id="i1" xmlns:z="http://schemas.microsoft.com/2003/10/Serialization/">
                <d5p1:Address>
                </d5p1:Address>
                <d5p1:AgreementReference xmlns:d7p1="http://schemas.datacontract.org/2004/07/System.Data.Objects.DataClasses">
                </d5p1:AgreementReference>
                <d5p1:BusinessPhone>
                </d5p1:BusinessPhone>
                <d5p1:Company>
                </d5p1:Company>
                <d5p1:ContactId>7</d5p1:ContactId>
                <d5p1:Email>
                </d5p1:Email>
                <d5p1:Fax>
                </d5p1:Fax>
                <d5p1:JobTitle>
                </d5p1:JobTitle>
                <d5p1:MobilePhone>
                </d5p1:MobilePhone>
                <d5p1:Name>
                </d5p1:Name>
                <d5p1:Notes>
                </d5p1:Notes>
                <d5p1:WebAddress>
                </d5p1:WebAddress>
                <d5p1:version>AAAAAAAAF3c=</d5p1:version>
              </d5p1:Contact>
            </Contacts>
            <CustomSettings xmlns:d5p1="http://schemas.datacontract.org/2004/07/System.Collections.Generic">
              <d5p1:KeyValuePairOfstringstring>
                <d5p1:key>biztalk.LogErrors</d5p1:key>
                <d5p1:value>True</d5p1:value>
              </d5p1:KeyValuePairOfstringstring>
              <d5p1:KeyValuePairOfstringstring>
                <d5p1:key>biztalk.LogWarnings</d5p1:key>
                <d5p1:value>True</d5p1:value>
              </d5p1:KeyValuePairOfstringstring>
              <d5p1:KeyValuePairOfstringstring>
                <d5p1:key>biztalk.EnableReporting</d5p1:key>
                <d5p1:value>False</d5p1:value>
              </d5p1:KeyValuePairOfstringstring>
              <d5p1:KeyValuePairOfstringstring>
                <d5p1:key>biztalk.StoreMessages</d5p1:key>
                <d5p1:value>False</d5p1:value>
              </d5p1:KeyValuePairOfstringstring>
            </CustomSettings>
            <Description>
            </Description>
            <Enabled>true</Enabled>
            <EndDate>9999-12-31T15:59:59.9999999-08:00</EndDate>
            <Name>Agreement1</Name>
            <OnewayAgreementAtoB>
              <AgreementAliases xmlns:d6p1="http://schemas.datacontract.org/2004/07/Microsoft.BizTalk.B2B.PartnerManagement" />
              <BatchDescriptions xmlns:d6p1="http://schemas.datacontract.org/2004/07/Microsoft.BizTalk.B2B.PartnerManagement" />
              <ProtocolSettings xmlns:d6p1="http://schemas.datacontract.org/2004/07/Microsoft.BizTalk.B2B.PartnerManagement" z:Id="i2" i:type="d6p1:EDIFACTProtocolSettings" xmlns:z="http://schemas.microsoft.com/2003/10/Serialization/">
                <d6p1:BusinessProfileReference xmlns:d7p1="http://schemas.datacontract.org/2004/07/System.Data.Objects.DataClasses">
                </d6p1:BusinessProfileReference>
                <d6p1:FallbackAgreementReference xmlns:d7p1="http://schemas.datacontract.org/2004/07/System.Data.Objects.DataClasses">
                </d6p1:FallbackAgreementReference>
                <d6p1:OnewayAgreementReference xmlns:d7p1="http://schemas.datacontract.org/2004/07/System.Data.Objects.DataClasses">
                </d6p1:OnewayAgreementReference>
                <d6p1:ProtocolName>edifact</d6p1:ProtocolName>
                <d6p1:SettingsName>unspecified</d6p1:SettingsName>
                <d6p1:AcknowledgementControlNumberLowerBound>1</d6p1:AcknowledgementControlNumberLowerBound>
                <d6p1:AcknowledgementControlNumberRollover>true</d6p1:AcknowledgementControlNumberRollover>
                <d6p1:AcknowledgementControlNumberUpperBound>99999999999999</d6p1:AcknowledgementControlNumberUpperBound>
                <d6p1:AllowLeadingAndTrailingSpacesAndZeroes>false</d6p1:AllowLeadingAndTrailingSpacesAndZeroes>
                <d6p1:ApplyDelimiterStringAdvice>false</d6p1:ApplyDelimiterStringAdvice>
                <d6p1:BatchFunctionalAck>true</d6p1:BatchFunctionalAck>
                <d6p1:BatchTechnicalAck>true</d6p1:BatchTechnicalAck>
                <d6p1:CharacterSet>0</d6p1:CharacterSet>
                <d6p1:CheckDuplicateGroupControlNumber>false</d6p1:CheckDuplicateGroupControlNumber>
                <d6p1:CheckDuplicateInterchangeControlNumber>false</d6p1:CheckDuplicateInterchangeControlNumber>
                <d6p1:CheckDuplicateTransactionSetControlNumber>false</d6p1:CheckDuplicateTransactionSetControlNumber>
                <d6p1:ComponentSeparator>58</d6p1:ComponentSeparator>
                <d6p1:CreateEmptyXmlTagsForTrailingSeparators>true</d6p1:CreateEmptyXmlTagsForTrailingSeparators>
                <d6p1:CreateGroupingSegments>false</d6p1:CreateGroupingSegments>
                <d6p1:DataElementSeparator>43</d6p1:DataElementSeparator>
                <d6p1:DecimalPointIndicator>0</d6p1:DecimalPointIndicator>
                <d6p1:EnableDefaultGroupHeaders>true</d6p1:EnableDefaultGroupHeaders>
                <d6p1:EnforceCharacterSet>true</d6p1:EnforceCharacterSet>
                <d6p1:GenerateLoopForValidMessagesInAck>false</d6p1:GenerateLoopForValidMessagesInAck>
                <d6p1:GroupControlNumberLowerBound>1</d6p1:GroupControlNumberLowerBound>
                <d6p1:GroupControlNumberRollover>false</d6p1:GroupControlNumberRollover>
                <d6p1:GroupControlNumberUpperBound>99999999999999</d6p1:GroupControlNumberUpperBound>
                <d6p1:InterchangeControlNumberLowerBound>1</d6p1:InterchangeControlNumberLowerBound>
                <d6p1:InterchangeControlNumberRollover>false</d6p1:InterchangeControlNumberRollover>
                <d6p1:InterchangeControlNumberUpperBound>99999999999999</d6p1:InterchangeControlNumberUpperBound>
                <d6p1:InterchangeDuplicatesValidity>30</d6p1:InterchangeDuplicatesValidity>
                <d6p1:IsTestInterchange>false</d6p1:IsTestInterchange>
                <d6p1:MaskSecurityInfo>true</d6p1:MaskSecurityInfo>
                <d6p1:MessageFilterType>1</d6p1:MessageFilterType>
                <d6p1:NeedFunctionalAck>false</d6p1:NeedFunctionalAck>
                <d6p1:NeedTechnicalAck>false</d6p1:NeedTechnicalAck>
                <d6p1:PreserveInterchange>false</d6p1:PreserveInterchange>
                <d6p1:ProtocolVersion>1</d6p1:ProtocolVersion>
                <d6p1:ReleaseIndicator>63</d6p1:ReleaseIndicator>
                <d6p1:RepetitionSeparator>42</d6p1:RepetitionSeparator>
                <d6p1:RouteAcktoSendPipeline>true</d6p1:RouteAcktoSendPipeline>
                <d6p1:SegmentTerminator>39</d6p1:SegmentTerminator>
                <d6p1:SegmentTerminatorSuffix>0</d6p1:SegmentTerminatorSuffix>
                <d6p1:SuspendInterchangeOnError>false</d6p1:SuspendInterchangeOnError>
                <d6p1:TSApplyNewId>true</d6p1:TSApplyNewId>
                <d6p1:TSControlNumberLowerBound>1</d6p1:TSControlNumberLowerBound>
                <d6p1:TSControlNumberRollover>true</d6p1:TSControlNumberRollover>
                <d6p1:TSControlNumberUpperBound>99999999999999</d6p1:TSControlNumberUpperBound>
                <d6p1:TargetNamespace>http://schemas.microsoft.com/BizTalk/EDI/EDIFACT/2006</d6p1:TargetNamespace>
                <d6p1:TrailingSeparatorPolicy>0</d6p1:TrailingSeparatorPolicy>
                <d6p1:UseDotAsDecimalSeparator>false</d6p1:UseDotAsDecimalSeparator>
                <d6p1:ValidateEDITypes>true</d6p1:ValidateEDITypes>
                <d6p1:ValidateXSDTypes>false</d6p1:ValidateXSDTypes>
                <d6p1:version>AAAAAAAAF3I=</d6p1:version>
              </ProtocolSettings>
              <ReceiverIdentity xmlns:d6p1="http://schemas.datacontract.org/2004/07/Microsoft.BizTalk.B2B.PartnerManagement" z:Id="i4" i:type="d6p1:QualifierIdentity" xmlns:z="http://schemas.microsoft.com/2003/10/Serialization/">
                <d6p1:BusinessProfileReference xmlns:d7p1="http://schemas.datacontract.org/2004/07/System.Data.Objects.DataClasses">
                </d6p1:BusinessProfileReference>
                <d6p1:FallbackAgreement1Reference xmlns:d7p1="http://schemas.datacontract.org/2004/07/System.Data.Objects.DataClasses">
                </d6p1:FallbackAgreement1Reference>
                <d6p1:FallbackAgreementReference xmlns:d7p1="http://schemas.datacontract.org/2004/07/System.Data.Objects.DataClasses">
                </d6p1:FallbackAgreementReference>
                <d6p1:Name>QualifierIdentity</d6p1:Name>
                <d6p1:version>AAAAAAAAFEY=</d6p1:version>
                <d6p1:AdditionalData>edifact</d6p1:AdditionalData>
                <d6p1:Description>Mutually Defined</d6p1:Description>
                <d6p1:Qualifier>ZZZ</d6p1:Qualifier>
                <d6p1:Value>CONTOSO</d6p1:Value>
              </ReceiverIdentity>
              <SendPorts xmlns:d6p1="http://schemas.datacontract.org/2004/07/Microsoft.BizTalk.B2B.PartnerManagement">
                <d6p1:SendPortReference z:Id="i5" xmlns:z="http://schemas.microsoft.com/2003/10/Serialization/">
                  <d6p1:Name>Contoso_EDIFACT_FILE</d6p1:Name>
                  <d6p1:PartnerReference xmlns:d8p1="http://schemas.datacontract.org/2004/07/System.Data.Objects.DataClasses">
                  </d6p1:PartnerReference>
                  <d6p1:SequenceNumber>0</d6p1:SequenceNumber>
                  <d6p1:version>AAAAAAAAF3g=</d6p1:version>
                </d6p1:SendPortReference>
              </SendPorts>
              <SenderIdentity xmlns:d6p1="http://schemas.datacontract.org/2004/07/Microsoft.BizTalk.B2B.PartnerManagement" z:Id="i6" i:type="d6p1:QualifierIdentity" xmlns:z="http://schemas.microsoft.com/2003/10/Serialization/">
                <d6p1:BusinessProfileReference xmlns:d7p1="http://schemas.datacontract.org/2004/07/System.Data.Objects.DataClasses">
                </d6p1:BusinessProfileReference>
                <d6p1:FallbackAgreement1Reference xmlns:d7p1="http://schemas.datacontract.org/2004/07/System.Data.Objects.DataClasses">
                </d6p1:FallbackAgreement1Reference>
                <d6p1:FallbackAgreementReference xmlns:d7p1="http://schemas.datacontract.org/2004/07/System.Data.Objects.DataClasses">
                </d6p1:FallbackAgreementReference>
                <d6p1:Name>QualifierIdentity</d6p1:Name>
                <d6p1:version>AAAAAAAAFEQ=</d6p1:version>
                <d6p1:AdditionalData>edifact</d6p1:AdditionalData>
                <d6p1:Description>Mutually Defined</d6p1:Description>
                <d6p1:Qualifier>ZZZ</d6p1:Qualifier>
                <d6p1:Value>NORTHWIND</d6p1:Value>
              </SenderIdentity>
            </OnewayAgreementAtoB>
            <OnewayAgreementBtoA>
              <AgreementAliases xmlns:d6p1="http://schemas.datacontract.org/2004/07/Microsoft.BizTalk.B2B.PartnerManagement" />
              <BatchDescriptions xmlns:d6p1="http://schemas.datacontract.org/2004/07/Microsoft.BizTalk.B2B.PartnerManagement" />
              <ProtocolSettings xmlns:d6p1="http://schemas.datacontract.org/2004/07/Microsoft.BizTalk.B2B.PartnerManagement" z:Id="i7" i:type="d6p1:EDIFACTProtocolSettings" xmlns:z="http://schemas.microsoft.com/2003/10/Serialization/">
                <d6p1:BusinessProfileReference xmlns:d7p1="http://schemas.datacontract.org/2004/07/System.Data.Objects.DataClasses">
                </d6p1:BusinessProfileReference>
                <d6p1:FallbackAgreementReference xmlns:d7p1="http://schemas.datacontract.org/2004/07/System.Data.Objects.DataClasses">
                </d6p1:FallbackAgreementReference>
                <d6p1:OnewayAgreementReference xmlns:d7p1="http://schemas.datacontract.org/2004/07/System.Data.Objects.DataClasses">
                </d6p1:OnewayAgreementReference>
                <d6p1:ProtocolName>edifact</d6p1:ProtocolName>
                <d6p1:SettingsName>unspecified</d6p1:SettingsName>
                <d6p1:AcknowledgementControlNumberLowerBound>1</d6p1:AcknowledgementControlNumberLowerBound>
                <d6p1:AcknowledgementControlNumberRollover>true</d6p1:AcknowledgementControlNumberRollover>
                <d6p1:AcknowledgementControlNumberUpperBound>99999999999999</d6p1:AcknowledgementControlNumberUpperBound>
                <d6p1:AllowLeadingAndTrailingSpacesAndZeroes>false</d6p1:AllowLeadingAndTrailingSpacesAndZeroes>
                <d6p1:ApplyDelimiterStringAdvice>false</d6p1:ApplyDelimiterStringAdvice>
                <d6p1:BatchFunctionalAck>true</d6p1:BatchFunctionalAck>
                <d6p1:BatchTechnicalAck>true</d6p1:BatchTechnicalAck>
                <d6p1:CharacterSet>0</d6p1:CharacterSet>
                <d6p1:CheckDuplicateGroupControlNumber>false</d6p1:CheckDuplicateGroupControlNumber>
                <d6p1:CheckDuplicateInterchangeControlNumber>false</d6p1:CheckDuplicateInterchangeControlNumber>
                <d6p1:CheckDuplicateTransactionSetControlNumber>false</d6p1:CheckDuplicateTransactionSetControlNumber>
                <d6p1:ComponentSeparator>58</d6p1:ComponentSeparator>
                <d6p1:CreateEmptyXmlTagsForTrailingSeparators>true</d6p1:CreateEmptyXmlTagsForTrailingSeparators>
                <d6p1:CreateGroupingSegments>false</d6p1:CreateGroupingSegments>
                <d6p1:DataElementSeparator>43</d6p1:DataElementSeparator>
                <d6p1:DecimalPointIndicator>0</d6p1:DecimalPointIndicator>
                <d6p1:EnableDefaultGroupHeaders>true</d6p1:EnableDefaultGroupHeaders>
                <d6p1:EnforceCharacterSet>true</d6p1:EnforceCharacterSet>
                <d6p1:GenerateLoopForValidMessagesInAck>false</d6p1:GenerateLoopForValidMessagesInAck>
                <d6p1:GroupControlNumberLowerBound>1</d6p1:GroupControlNumberLowerBound>
                <d6p1:GroupControlNumberRollover>false</d6p1:GroupControlNumberRollover>
                <d6p1:GroupControlNumberUpperBound>99999999999999</d6p1:GroupControlNumberUpperBound>
                <d6p1:InterchangeControlNumberLowerBound>1</d6p1:InterchangeControlNumberLowerBound>
                <d6p1:InterchangeControlNumberRollover>false</d6p1:InterchangeControlNumberRollover>
                <d6p1:InterchangeControlNumberUpperBound>99999999999999</d6p1:InterchangeControlNumberUpperBound>
                <d6p1:InterchangeDuplicatesValidity>30</d6p1:InterchangeDuplicatesValidity>
                <d6p1:IsTestInterchange>false</d6p1:IsTestInterchange>
                <d6p1:MaskSecurityInfo>true</d6p1:MaskSecurityInfo>
                <d6p1:MessageFilterType>1</d6p1:MessageFilterType>
                <d6p1:NeedFunctionalAck>false</d6p1:NeedFunctionalAck>
                <d6p1:NeedTechnicalAck>false</d6p1:NeedTechnicalAck>
                <d6p1:PreserveInterchange>false</d6p1:PreserveInterchange>
                <d6p1:ProtocolVersion>1</d6p1:ProtocolVersion>
                <d6p1:ReleaseIndicator>63</d6p1:ReleaseIndicator>
                <d6p1:RepetitionSeparator>42</d6p1:RepetitionSeparator>
                <d6p1:RouteAcktoSendPipeline>true</d6p1:RouteAcktoSendPipeline>
                <d6p1:SegmentTerminator>39</d6p1:SegmentTerminator>
                <d6p1:SegmentTerminatorSuffix>0</d6p1:SegmentTerminatorSuffix>
                <d6p1:SuspendInterchangeOnError>false</d6p1:SuspendInterchangeOnError>
                <d6p1:TSApplyNewId>true</d6p1:TSApplyNewId>
                <d6p1:TSControlNumberLowerBound>1</d6p1:TSControlNumberLowerBound>
                <d6p1:TSControlNumberRollover>true</d6p1:TSControlNumberRollover>
                <d6p1:TSControlNumberUpperBound>99999999999999</d6p1:TSControlNumberUpperBound>
                <d6p1:TargetNamespace>http://schemas.microsoft.com/BizTalk/EDI/EDIFACT/2006</d6p1:TargetNamespace>
                <d6p1:TrailingSeparatorPolicy>0</d6p1:TrailingSeparatorPolicy>
                <d6p1:UseDotAsDecimalSeparator>false</d6p1:UseDotAsDecimalSeparator>
                <d6p1:ValidateEDITypes>true</d6p1:ValidateEDITypes>
                <d6p1:ValidateXSDTypes>false</d6p1:ValidateXSDTypes>
                <d6p1:version>AAAAAAAAF3Q=</d6p1:version>
              </ProtocolSettings>
              <ReceiverIdentity xmlns:d6p1="http://schemas.datacontract.org/2004/07/Microsoft.BizTalk.B2B.PartnerManagement" z:Ref="i6" xmlns:z="http://schemas.microsoft.com/2003/10/Serialization/" />
              <SendPorts xmlns:d6p1="http://schemas.datacontract.org/2004/07/Microsoft.BizTalk.B2B.PartnerManagement" />
              <SenderIdentity xmlns:d6p1="http://schemas.datacontract.org/2004/07/Microsoft.BizTalk.B2B.PartnerManagement" z:Ref="i4" xmlns:z="http://schemas.microsoft.com/2003/10/Serialization/" />
            </OnewayAgreementBtoA>
            <ProfileA>Northwind_Profile</ProfileA>
            <ProfileB>Contoso_Profile</ProfileB>
            <Protocol>edifact</Protocol>
            <StartDate>2010-11-05T07:15:27.1442797-07:00</StartDate>
          </Agreement>
        </Agreements>
        <PartnerA>Northwind</PartnerA>
        <PartnerB>Contoso</PartnerB>
      </Partnership>
    </ArrayOfPartnership>
  </PartyCollection>
  <EdiGlobalProperties>
    <FallbackData xmlns:i="http://www.w3.org/2001/XMLSchema-instance" xmlns="http://schemas.datacontract.org/2004/07/Microsoft.BizTalk.Deployment.B2B.PartnerManagement">
      <EdifactFallback>
        <CustomSettings xmlns:d3p1="http://schemas.datacontract.org/2004/07/System.Collections.Generic">
          <d3p1:KeyValuePairOfstringstring>
            <d3p1:key>biztalk.LogErrors</d3p1:key>
            <d3p1:value>True</d3p1:value>
          </d3p1:KeyValuePairOfstringstring>
          <d3p1:KeyValuePairOfstringstring>
            <d3p1:key>biztalk.LogWarnings</d3p1:key>
            <d3p1:value>True</d3p1:value>
          </d3p1:KeyValuePairOfstringstring>
          <d3p1:KeyValuePairOfstringstring>
            <d3p1:key>biztalk.EnableReporting</d3p1:key>
            <d3p1:value>True</d3p1:value>
          </d3p1:KeyValuePairOfstringstring>
          <d3p1:KeyValuePairOfstringstring>
            <d3p1:key>biztalk.StoreMessages</d3p1:key>
            <d3p1:value>False</d3p1:value>
          </d3p1:KeyValuePairOfstringstring>
        </CustomSettings>
        <ProtocolSettings xmlns:d3p1="http://schemas.datacontract.org/2004/07/Microsoft.BizTalk.B2B.PartnerManagement" z:Id="i1" i:type="d3p1:EDIFACTProtocolSettings" xmlns:z="http://schemas.microsoft.com/2003/10/Serialization/">
          <d3p1:BusinessProfileReference xmlns:d4p1="http://schemas.datacontract.org/2004/07/System.Data.Objects.DataClasses">
          </d3p1:BusinessProfileReference>
          <d3p1:FallbackAgreementReference xmlns:d4p1="http://schemas.datacontract.org/2004/07/System.Data.Objects.DataClasses">
          </d3p1:FallbackAgreementReference>
          <d3p1:OnewayAgreementReference xmlns:d4p1="http://schemas.datacontract.org/2004/07/System.Data.Objects.DataClasses">
          </d3p1:OnewayAgreementReference>
          <d3p1:ProtocolName>edifact</d3p1:ProtocolName>
          <d3p1:SettingsName>""</d3p1:SettingsName>
          <d3p1:AcknowledgementControlNumberLowerBound>1</d3p1:AcknowledgementControlNumberLowerBound>
          <d3p1:AcknowledgementControlNumberRollover>true</d3p1:AcknowledgementControlNumberRollover>
          <d3p1:AcknowledgementControlNumberUpperBound>99999999999999</d3p1:AcknowledgementControlNumberUpperBound>
          <d3p1:AllowLeadingAndTrailingSpacesAndZeroes>false</d3p1:AllowLeadingAndTrailingSpacesAndZeroes>
          <d3p1:ApplyDelimiterStringAdvice>false</d3p1:ApplyDelimiterStringAdvice>
          <d3p1:BatchFunctionalAck>false</d3p1:BatchFunctionalAck>
          <d3p1:BatchTechnicalAck>false</d3p1:BatchTechnicalAck>
          <d3p1:CharacterSet>0</d3p1:CharacterSet>
          <d3p1:CheckDuplicateGroupControlNumber>false</d3p1:CheckDuplicateGroupControlNumber>
          <d3p1:CheckDuplicateInterchangeControlNumber>false</d3p1:CheckDuplicateInterchangeControlNumber>
          <d3p1:CheckDuplicateTransactionSetControlNumber>false</d3p1:CheckDuplicateTransactionSetControlNumber>
          <d3p1:CommunicationAgreementId>
          </d3p1:CommunicationAgreementId>
          <d3p1:ComponentSeparator>58</d3p1:ComponentSeparator>
          <d3p1:CreateEmptyXmlTagsForTrailingSeparators>true</d3p1:CreateEmptyXmlTagsForTrailingSeparators>
          <d3p1:CreateGroupingSegments>false</d3p1:CreateGroupingSegments>
          <d3p1:DataElementSeparator>43</d3p1:DataElementSeparator>
          <d3p1:DecimalPointIndicator>0</d3p1:DecimalPointIndicator>
          <d3p1:EnableDefaultGroupHeaders>false</d3p1:EnableDefaultGroupHeaders>
          <d3p1:EnforceCharacterSet>true</d3p1:EnforceCharacterSet>
          <d3p1:GenerateLoopForValidMessagesInAck>false</d3p1:GenerateLoopForValidMessagesInAck>
          <d3p1:GroupControlNumberLowerBound>1</d3p1:GroupControlNumberLowerBound>
          <d3p1:GroupControlNumberRollover>false</d3p1:GroupControlNumberRollover>
          <d3p1:GroupControlNumberUpperBound>99999999999999</d3p1:GroupControlNumberUpperBound>
          <d3p1:InterchangeControlNumberLowerBound>1</d3p1:InterchangeControlNumberLowerBound>
          <d3p1:InterchangeControlNumberRollover>false</d3p1:InterchangeControlNumberRollover>
          <d3p1:InterchangeControlNumberUpperBound>99999999999999</d3p1:InterchangeControlNumberUpperBound>
          <d3p1:InterchangeDuplicatesValidity>30</d3p1:InterchangeDuplicatesValidity>
          <d3p1:IsTestInterchange>false</d3p1:IsTestInterchange>
          <d3p1:MaskSecurityInfo>true</d3p1:MaskSecurityInfo>
          <d3p1:MessageFilterType>1</d3p1:MessageFilterType>
          <d3p1:NeedFunctionalAck>false</d3p1:NeedFunctionalAck>
          <d3p1:NeedTechnicalAck>false</d3p1:NeedTechnicalAck>
          <d3p1:PreserveInterchange>false</d3p1:PreserveInterchange>
          <d3p1:ProcessingPriorityCode>
          </d3p1:ProcessingPriorityCode>
          <d3p1:ProtocolVersion>1</d3p1:ProtocolVersion>
          <d3p1:ReleaseIndicator>63</d3p1:ReleaseIndicator>
          <d3p1:RepetitionSeparator>42</d3p1:RepetitionSeparator>
          <d3p1:RouteAcktoSendPipeline>true</d3p1:RouteAcktoSendPipeline>
          <d3p1:SegmentTerminator>39</d3p1:SegmentTerminator>
          <d3p1:SegmentTerminatorSuffix>0</d3p1:SegmentTerminatorSuffix>
          <d3p1:SuspendInterchangeOnError>false</d3p1:SuspendInterchangeOnError>
          <d3p1:TSApplyNewId>true</d3p1:TSApplyNewId>
          <d3p1:TSControlNumberLowerBound>1</d3p1:TSControlNumberLowerBound>
          <d3p1:TSControlNumberRollover>true</d3p1:TSControlNumberRollover>
          <d3p1:TSControlNumberUpperBound>99999999999999</d3p1:TSControlNumberUpperBound>
          <d3p1:TargetNamespace>http://schemas.microsoft.com/BizTalk/EDI/EDIFACT/2006</d3p1:TargetNamespace>
          <d3p1:TrailingSeparatorPolicy>0</d3p1:TrailingSeparatorPolicy>
          <d3p1:UseDotAsDecimalSeparator>true</d3p1:UseDotAsDecimalSeparator>
          <d3p1:ValidateEDITypes>true</d3p1:ValidateEDITypes>
          <d3p1:ValidateXSDTypes>false</d3p1:ValidateXSDTypes>
          <d3p1:version>AAAAAAAAB+c=</d3p1:version>
        </ProtocolSettings>
        <ReceiverIdentity xmlns:d3p1="http://schemas.datacontract.org/2004/07/Microsoft.BizTalk.B2B.PartnerManagement" z:Id="i3" i:type="d3p1:QualifierIdentity" xmlns:z="http://schemas.microsoft.com/2003/10/Serialization/">
          <d3p1:BusinessProfileReference xmlns:d4p1="http://schemas.datacontract.org/2004/07/System.Data.Objects.DataClasses">
          </d3p1:BusinessProfileReference>
          <d3p1:FallbackAgreement1Reference xmlns:d4p1="http://schemas.datacontract.org/2004/07/System.Data.Objects.DataClasses">
          </d3p1:FallbackAgreement1Reference>
          <d3p1:FallbackAgreementReference xmlns:d4p1="http://schemas.datacontract.org/2004/07/System.Data.Objects.DataClasses">
          </d3p1:FallbackAgreementReference>
          <d3p1:Name>QualifierIdentity</d3p1:Name>
          <d3p1:version>AAAAAAAAB+U=</d3p1:version>
          <d3p1:Qualifier>ZZZ</d3p1:Qualifier>
          <d3p1:Value>RECEIVE-PARTNER</d3p1:Value>
        </ReceiverIdentity>
        <SenderIdentity xmlns:d3p1="http://schemas.datacontract.org/2004/07/Microsoft.BizTalk.B2B.PartnerManagement" z:Id="i4" i:type="d3p1:QualifierIdentity" xmlns:z="http://schemas.microsoft.com/2003/10/Serialization/">
          <d3p1:BusinessProfileReference xmlns:d4p1="http://schemas.datacontract.org/2004/07/System.Data.Objects.DataClasses">
          </d3p1:BusinessProfileReference>
          <d3p1:FallbackAgreement1Reference xmlns:d4p1="http://schemas.datacontract.org/2004/07/System.Data.Objects.DataClasses">
          </d3p1:FallbackAgreement1Reference>
          <d3p1:FallbackAgreementReference xmlns:d4p1="http://schemas.datacontract.org/2004/07/System.Data.Objects.DataClasses">
          </d3p1:FallbackAgreementReference>
          <d3p1:Name>QualifierIdentity</d3p1:Name>
          <d3p1:version>AAAAAAAAB+Q=</d3p1:version>
          <d3p1:Qualifier>ZZZ</d3p1:Qualifier>
          <d3p1:Value>BTS-SENDER</d3p1:Value>
        </SenderIdentity>
      </EdifactFallback>
      <X12Fallback>
        <CustomSettings xmlns:d3p1="http://schemas.datacontract.org/2004/07/System.Collections.Generic">
          <d3p1:KeyValuePairOfstringstring>
            <d3p1:key>biztalk.LogErrors</d3p1:key>
            <d3p1:value>True</d3p1:value>
          </d3p1:KeyValuePairOfstringstring>
          <d3p1:KeyValuePairOfstringstring>
            <d3p1:key>biztalk.LogWarnings</d3p1:key>
            <d3p1:value>True</d3p1:value>
          </d3p1:KeyValuePairOfstringstring>
          <d3p1:KeyValuePairOfstringstring>
            <d3p1:key>biztalk.EnableReporting</d3p1:key>
            <d3p1:value>True</d3p1:value>
          </d3p1:KeyValuePairOfstringstring>
          <d3p1:KeyValuePairOfstringstring>
            <d3p1:key>biztalk.StoreMessages</d3p1:key>
            <d3p1:value>False</d3p1:value>
          </d3p1:KeyValuePairOfstringstring>
        </CustomSettings>
        <ProtocolSettings xmlns:d3p1="http://schemas.datacontract.org/2004/07/Microsoft.BizTalk.B2B.PartnerManagement" z:Id="i5" i:type="d3p1:X12ProtocolSettings" xmlns:z="http://schemas.microsoft.com/2003/10/Serialization/">
          <d3p1:BusinessProfileReference xmlns:d4p1="http://schemas.datacontract.org/2004/07/System.Data.Objects.DataClasses">
          </d3p1:BusinessProfileReference>
          <d3p1:FallbackAgreementReference xmlns:d4p1="http://schemas.datacontract.org/2004/07/System.Data.Objects.DataClasses">
          </d3p1:FallbackAgreementReference>
          <d3p1:OnewayAgreementReference xmlns:d4p1="http://schemas.datacontract.org/2004/07/System.Data.Objects.DataClasses">
          </d3p1:OnewayAgreementReference>
          <d3p1:ProtocolName>x12</d3p1:ProtocolName>
          <d3p1:SettingsName>""</d3p1:SettingsName>
          <d3p1:AcknowledgementControlNumberLowerBound>1</d3p1:AcknowledgementControlNumberLowerBound>
          <d3p1:AcknowledgementControlNumberRollover>true</d3p1:AcknowledgementControlNumberRollover>
          <d3p1:AcknowledgementControlNumberUpperBound>999999999</d3p1:AcknowledgementControlNumberUpperBound>
          <d3p1:AllowLeadingAndTrailingSpacesAndZeroes>false</d3p1:AllowLeadingAndTrailingSpacesAndZeroes>
          <d3p1:AuthorizationQualifier>00</d3p1:AuthorizationQualifier>
          <d3p1:BatchFunctionalAck>false</d3p1:BatchFunctionalAck>
          <d3p1:BatchTechnicalAck>false</d3p1:BatchTechnicalAck>
          <d3p1:CharacterSet>2</d3p1:CharacterSet>
          <d3p1:CheckDuplicateGroupControlNumber>false</d3p1:CheckDuplicateGroupControlNumber>
          <d3p1:CheckDuplicateInterchangeControlNumber>false</d3p1:CheckDuplicateInterchangeControlNumber>
          <d3p1:CheckDuplicateTransactionSetControlNumber>false</d3p1:CheckDuplicateTransactionSetControlNumber>
          <d3p1:ComponentSeparator>58</d3p1:ComponentSeparator>
          <d3p1:ControlStandardsId>85</d3p1:ControlStandardsId>
          <d3p1:ControlVersionNumber>00401</d3p1:ControlVersionNumber>
          <d3p1:ConvertImpliedDecimal>false</d3p1:ConvertImpliedDecimal>
          <d3p1:CreateEmptyXmlTagsForTrailingSeparators>true</d3p1:CreateEmptyXmlTagsForTrailingSeparators>
          <d3p1:DataElementSeparator>42</d3p1:DataElementSeparator>
          <d3p1:EnableDefaultGroupHeaders>false</d3p1:EnableDefaultGroupHeaders>
          <d3p1:GenerateLoopForValidMessagesInAck>false</d3p1:GenerateLoopForValidMessagesInAck>
          <d3p1:GroupControlNumberLowerBound>1</d3p1:GroupControlNumberLowerBound>
          <d3p1:GroupControlNumberRollover>true</d3p1:GroupControlNumberRollover>
          <d3p1:GroupControlNumberUpperBound>999999999</d3p1:GroupControlNumberUpperBound>
          <d3p1:GroupDateFormat>1</d3p1:GroupDateFormat>
          <d3p1:GroupHeaderVersion>00401</d3p1:GroupHeaderVersion>
          <d3p1:GroupResponsibleAgencyCode>84</d3p1:GroupResponsibleAgencyCode>
          <d3p1:GroupTimeFormat>0</d3p1:GroupTimeFormat>
          <d3p1:InterchangeControlNumberLowerBound>1</d3p1:InterchangeControlNumberLowerBound>
          <d3p1:InterchangeControlNumberRollover>true</d3p1:InterchangeControlNumberRollover>
          <d3p1:InterchangeControlNumberUpperBound>999999999</d3p1:InterchangeControlNumberUpperBound>
          <d3p1:InterchangeDuplicatesValidity>30</d3p1:InterchangeDuplicatesValidity>
          <d3p1:MaskSecurityInfo>true</d3p1:MaskSecurityInfo>
          <d3p1:MessageFilterType>1</d3p1:MessageFilterType>
          <d3p1:NeedFunctionalAck>false</d3p1:NeedFunctionalAck>
          <d3p1:NeedTechnicalAck>false</d3p1:NeedTechnicalAck>
          <d3p1:PreserveInterchange>false</d3p1:PreserveInterchange>
          <d3p1:ReceiverApplicationId>RECEIVE-APP</d3p1:ReceiverApplicationId>
          <d3p1:ReplaceChar>36</d3p1:ReplaceChar>
          <d3p1:ReplaceSeparatorsInPayload>false</d3p1:ReplaceSeparatorsInPayload>
          <d3p1:RouteAcktoSendPipeline>true</d3p1:RouteAcktoSendPipeline>
          <d3p1:RowVersion>AAAAAAAAB+Y=</d3p1:RowVersion>
          <d3p1:SecurityQualifier>00</d3p1:SecurityQualifier>
          <d3p1:SegmentTerminator>126</d3p1:SegmentTerminator>
          <d3p1:SegmentTerminatorSuffix>0</d3p1:SegmentTerminatorSuffix>
          <d3p1:SenderApplicationId>BTS-SENDER</d3p1:SenderApplicationId>
          <d3p1:SuspendInterchangeOnError>false</d3p1:SuspendInterchangeOnError>
          <d3p1:TSApplyNewId>true</d3p1:TSApplyNewId>
          <d3p1:TSControlNumberLowerBound>1</d3p1:TSControlNumberLowerBound>
          <d3p1:TSControlNumberRollover>true</d3p1:TSControlNumberRollover>
          <d3p1:TSControlNumberUpperBound>999999999</d3p1:TSControlNumberUpperBound>
          <d3p1:TargetNamespace>http://schemas.microsoft.com/BizTalk/EDI/X12/2006</d3p1:TargetNamespace>
          <d3p1:TrailingSeparatorPolicy>0</d3p1:TrailingSeparatorPolicy>
          <d3p1:UsageIndicator>0</d3p1:UsageIndicator>
          <d3p1:UseControlStandardsIdAsRepSep>false</d3p1:UseControlStandardsIdAsRepSep>
          <d3p1:UseDotAsDecimalSeparator>true</d3p1:UseDotAsDecimalSeparator>
          <d3p1:ValidateCharacterSet>true</d3p1:ValidateCharacterSet>
          <d3p1:ValidateEDITypes>true</d3p1:ValidateEDITypes>
          <d3p1:ValidateExtended>false</d3p1:ValidateExtended>
        </ProtocolSettings>
        <ReceiverIdentity xmlns:d3p1="http://schemas.datacontract.org/2004/07/Microsoft.BizTalk.B2B.PartnerManagement" z:Id="i7" i:type="d3p1:QualifierIdentity" xmlns:z="http://schemas.microsoft.com/2003/10/Serialization/">
          <d3p1:BusinessProfileReference xmlns:d4p1="http://schemas.datacontract.org/2004/07/System.Data.Objects.DataClasses">
          </d3p1:BusinessProfileReference>
          <d3p1:FallbackAgreement1Reference xmlns:d4p1="http://schemas.datacontract.org/2004/07/System.Data.Objects.DataClasses">
          </d3p1:FallbackAgreement1Reference>
          <d3p1:FallbackAgreementReference xmlns:d4p1="http://schemas.datacontract.org/2004/07/System.Data.Objects.DataClasses">
          </d3p1:FallbackAgreementReference>
          <d3p1:Name>QualifierIdentity</d3p1:Name>
          <d3p1:version>AAAAAAAAB+M=</d3p1:version>
          <d3p1:Qualifier>ZZ</d3p1:Qualifier>
          <d3p1:Value>RECEIVE-PARTNER</d3p1:Value>
        </ReceiverIdentity>
        <SenderIdentity xmlns:d3p1="http://schemas.datacontract.org/2004/07/Microsoft.BizTalk.B2B.PartnerManagement" z:Id="i8" i:type="d3p1:QualifierIdentity" xmlns:z="http://schemas.microsoft.com/2003/10/Serialization/">
          <d3p1:BusinessProfileReference xmlns:d4p1="http://schemas.datacontract.org/2004/07/System.Data.Objects.DataClasses">
          </d3p1:BusinessProfileReference>
          <d3p1:FallbackAgreement1Reference xmlns:d4p1="http://schemas.datacontract.org/2004/07/System.Data.Objects.DataClasses">
          </d3p1:FallbackAgreement1Reference>
          <d3p1:FallbackAgreementReference xmlns:d4p1="http://schemas.datacontract.org/2004/07/System.Data.Objects.DataClasses">
          </d3p1:FallbackAgreementReference>
          <d3p1:Name>QualifierIdentity</d3p1:Name>
          <d3p1:version>AAAAAAAAB+I=</d3p1:version>
          <d3p1:Qualifier>ZZ</d3p1:Qualifier>
          <d3p1:Value>BTS-SENDER</d3p1:Value>
        </SenderIdentity>
      </X12Fallback>
    </FallbackData>
  </EdiGlobalProperties>
</BindingInfo>