<?xml version="1.0" encoding="utf-8"?>
<BindingInfo xmlns:xsi="http://www.w3.org/2001/XMLSchema-instance" xmlns:xsd="http://www.w3.org/2001/XMLSchema" Assembly="Microsoft.BizTalk.Deployment, Version=3.0.1.0, Culture=neutral, PublicKeyToken=31bf3856ad364e35" Version="3.5.1.0" BindingStatus="FullyBound" BoundEndpoints="4" TotalEndpoints="4">
  <Timestamp>2011-02-08T20:26:03.8725258-08:00</Timestamp>
  <ModuleRefCollection>
    <ModuleRef Name="[Application:BAMInterceptors]" Version="" Culture="" PublicKeyToken="" FullName="[Application:BAMInterceptors], Version=, Culture=, PublicKeyToken=">
      <Services />
      <TrackedSchemas>
        <Schema FullName="BAM.OrderProperties" AssemblyQualifiedName="BAM.OrderProperties,BAM, Version=1.0.0.0, Culture=neutral, PublicKeyToken=1eb99402589c4521" AlwaysTrackAllProperties="false" Description="">
          <TrackedPropertyNames />
        </Schema>
        <Schema FullName="BAM.Billing" RootName="BillingRequest" AssemblyQualifiedName="BAM.Billing,BAM, Version=1.0.0.0, Culture=neutral, PublicKeyToken=1eb99402589c4521" AlwaysTrackAllProperties="false" Description="">
          <TrackedPropertyNames />
        </Schema>
        <Schema FullName="BAM.OrderShipping" RootName="OrderShipping" AssemblyQualifiedName="BAM.OrderShipping,BAM, Version=1.0.0.0, Culture=neutral, PublicKeyToken=1eb99402589c4521" AlwaysTrackAllProperties="false" Description="">
          <TrackedPropertyNames />
        </Schema>
        <Schema FullName="BAM.InternalOrder" RootName="InternalOrder" AssemblyQualifiedName="BAM.InternalOrder,BAM, Version=1.0.0.0, Culture=neutral, PublicKeyToken=1eb99402589c4521" AlwaysTrackAllProperties="false" Description="">
          <TrackedPropertyNames />
        </Schema>
      </TrackedSchemas>
    </ModuleRef>
    <ModuleRef Name="BAM" Version="1.0.0.0" Culture="neutral" PublicKeyToken="1eb99402589c4521" FullName="BAM, Version=1.0.0.0, Culture=neutral, PublicKeyToken=1eb99402589c4521">
      <Services>
        <Service Name="BAM.CorrelatedMessaging" State="Started" TrackingOption="ServiceStartEnd MessageSendReceive OrchestrationEvents" Description="">
          <Ports>
            <Port Name="OrderPort" Modifier="2" BindingOption="1">
              <SendPortRef xsi:nil="true" />
              <DistributionListRef xsi:nil="true" />
              <ReceivePortRef Name="OrderPort" />
            </Port>
            <Port Name="BillingPort" Modifier="1" BindingOption="1">
              <SendPortRef Name="BillingPort" />
              <DistributionListRef xsi:nil="true" />
              <ReceivePortRef xsi:nil="true" />
            </Port>
            <Port Name="ShippingPort" Modifier="2" BindingOption="1">
              <SendPortRef xsi:nil="true" />
              <DistributionListRef xsi:nil="true" />
              <ReceivePortRef Name="ShippingReceivePort" />
            </Port>
            <Port Name="ShipNoticePort" Modifier="1" BindingOption="4">
              <SendPortRef Name="BAM_1.0.0.0_BAM.CorrelatedMessaging_ShipNoticePort_1eb99402589c4521" />
              <DistributionListRef xsi:nil="true" />
              <ReceivePortRef xsi:nil="true" />
            </Port>
          </Ports>
          <Roles />
          <Host Name="BizTalkServerApplication" NTGroupName="ADVENTUREWORKS\BizTalk Application Users" Type="1" Trusted="false" />
        </Service>
      </Services>
      <TrackedSchemas />
    </ModuleRef>
  </ModuleRefCollection>
  <SendPortCollection>
    <SendPort Name="BAM_1.0.0.0_BAM.CorrelatedMessaging_ShipNoticePort_1eb99402589c4521" IsStatic="false" IsTwoWay="false" BindingOption="4">
      <Description xsi:nil="true" />
      <TransmitPipeline Name="Microsoft.BizTalk.DefaultPipelines.PassThruTransmit" FullyQualifiedName="Microsoft.BizTalk.DefaultPipelines.PassThruTransmit, Microsoft.BizTalk.DefaultPipelines, Version=3.0.1.0, Culture=neutral, PublicKeyToken=31bf3856ad364e35" Type="2" TrackingOption="ServiceStartEnd MessageSendReceive PipelineEvents" Description="" />
      <ReceivePipelineData xsi:nil="true" />
      <Tracking>0</Tracking>
      <Filter />
      <Transforms />
      <OrderedDelivery>false</OrderedDelivery>
      <Priority>5</Priority>
      <StopSendingOnFailure>false</StopSendingOnFailure>
      <RouteFailedMessage>false</RouteFailedMessage>
      <ApplicationName>BAMInterceptors</ApplicationName>
    </SendPort>
    <SendPort Name="BillingPort" IsStatic="true" IsTwoWay="false" BindingOption="1">
      <Description xsi:nil="true" />
      <TransmitPipeline Name="Microsoft.BizTalk.DefaultPipelines.PassThruTransmit" FullyQualifiedName="Microsoft.BizTalk.DefaultPipelines.PassThruTransmit, Microsoft.BizTalk.DefaultPipelines, Version=3.0.1.0, Culture=neutral, PublicKeyToken=31bf3856ad364e35" Type="2" TrackingOption="ServiceStartEnd MessageSendReceive PipelineEvents" Description="" />
      <PrimaryTransport>
        <Address>c:\AllFiles\DemoCode\Northwind\Ports\BillingDept\%MessageID%.xml</Address>
        <TransportType Name="FILE" Capabilities="11" ConfigurationClsid="5e49e3a6-b4fc-4077-b44c-22f34a242fdb" />
        <TransportTypeData>&lt;CustomProps&gt;&lt;UseTempFileOnWrite vt="11"&gt;0&lt;/UseTempFileOnWrite&gt;&lt;AllowCacheOnWrite vt="11"&gt;0&lt;/AllowCacheOnWrite&gt;&lt;CopyMode vt="19"&gt;1&lt;/CopyMode&gt;&lt;FileName vt="8"&gt;%MessageID%.xml&lt;/FileName&gt;&lt;/CustomProps&gt;</TransportTypeData>
        <RetryCount>3</RetryCount>
        <RetryInterval>5</RetryInterval>
        <ServiceWindowEnabled>false</ServiceWindowEnabled>
        <FromTime>2000-01-01T00:00:00</FromTime>
        <ToTime>2000-01-01T23:59:59</ToTime>
        <Primary>true</Primary>
        <OrderedDelivery>false</OrderedDelivery>
        <DeliveryNotification>1</DeliveryNotification>
        <SendHandler Name="BizTalkServerApplication" HostTrusted="false">
          <TransportType Name="FILE" Capabilities="11" ConfigurationClsid="5e49e3a6-b4fc-4077-b44c-22f34a242fdb" />
        </SendHandler>
      </PrimaryTransport>
      <SecondaryTransport>
        <Address />
        <RetryCount>3</RetryCount>
        <RetryInterval>5</RetryInterval>
        <ServiceWindowEnabled>false</ServiceWindowEnabled>
        <FromTime>2000-01-01T00:00:00</FromTime>
        <ToTime>2000-01-01T23:59:59</ToTime>
        <Primary>false</Primary>
        <OrderedDelivery>false</OrderedDelivery>
        <DeliveryNotification>1</DeliveryNotification>
        <SendHandler xsi:nil="true" />
      </SecondaryTransport>
      <ReceivePipelineData xsi:nil="true" />
      <Tracking>0</Tracking>
      <Filter />
      <Transforms />
      <OrderedDelivery>false</OrderedDelivery>
      <Priority>5</Priority>
      <StopSendingOnFailure>false</StopSendingOnFailure>
      <RouteFailedMessage>false</RouteFailedMessage>
      <ApplicationName>BAMInterceptors</ApplicationName>
    </SendPort>
  </SendPortCollection>
  <DistributionListCollection />
  <ReceivePortCollection>
    <ReceivePort Name="OrderPort" IsTwoWay="false" BindingOption="1">
      <Description xsi:nil="true" />
      <ReceiveLocations>
        <ReceiveLocation Name="OrderReceiveFILE">
          <Description xsi:nil="true" />
          <Address>c:\AllFiles\DemoCode\Northwind\Ports\FileIN\*.xml</Address>
          <PublicAddress />
          <Primary>true</Primary>
          <ReceiveLocationServiceWindowEnabled>false</ReceiveLocationServiceWindowEnabled>
          <ReceiveLocationFromTime>2000-01-01T00:00:00</ReceiveLocationFromTime>
          <ReceiveLocationToTime>2000-01-01T23:59:59</ReceiveLocationToTime>
          <ReceiveLocationStartDateEnabled>false</ReceiveLocationStartDateEnabled>
          <ReceiveLocationStartDate>2009-12-17T00:00:00</ReceiveLocationStartDate>
          <ReceiveLocationEndDateEnabled>false</ReceiveLocationEndDateEnabled>
          <ReceiveLocationEndDate>2009-12-18T23:59:59</ReceiveLocationEndDate>
          <ReceiveLocationTransportType Name="FILE" Capabilities="11" ConfigurationClsid="5e49e3a6-b4fc-4077-b44c-22f34a242fdb" />
          <ReceiveLocationTransportTypeData>&lt;CustomProps&gt;&lt;RemoveReceivedFileDelay vt="19"&gt;10&lt;/RemoveReceivedFileDelay&gt;&lt;RemoveReceivedFileMaxInterval vt="19"&gt;300000&lt;/RemoveReceivedFileMaxInterval&gt;&lt;FileMask vt="8"&gt;*.xml&lt;/FileMask&gt;&lt;RenameReceivedFiles vt="11"&gt;-1&lt;/RenameReceivedFiles&gt;&lt;FileNetFailRetryInt vt="19"&gt;5&lt;/FileNetFailRetryInt&gt;&lt;RemoveReceivedFileRetryCount vt="19"&gt;5&lt;/RemoveReceivedFileRetryCount&gt;&lt;BatchSizeInBytes vt="19"&gt;102400&lt;/BatchSizeInBytes&gt;&lt;PollingInterval vt="19"&gt;5000&lt;/PollingInterval&gt;&lt;FileNetFailRetryCount vt="19"&gt;5&lt;/FileNetFailRetryCount&gt;&lt;BatchSize vt="19"&gt;20&lt;/BatchSize&gt;&lt;/CustomProps&gt;</ReceiveLocationTransportTypeData>
          <ReceivePipeline Name="Microsoft.BizTalk.DefaultPipelines.XMLReceive" FullyQualifiedName="Microsoft.BizTalk.DefaultPipelines.XMLReceive, Microsoft.BizTalk.DefaultPipelines, Version=3.0.1.0, Culture=neutral, PublicKeyToken=31bf3856ad364e35" Type="1" TrackingOption="ServiceStartEnd MessageSendReceive PipelineEvents" Description="" />
          <ReceivePipelineData xsi:nil="true" />
          <SendPipeline xsi:nil="true" />
          <SendPipelineData xsi:nil="true" />
          <Enable>true</Enable>
          <ReceiveHandler Name="BizTalkServerApplication" HostTrusted="false">
            <TransportType Name="FILE" Capabilities="11" ConfigurationClsid="5e49e3a6-b4fc-4077-b44c-22f34a242fdb" />
          </ReceiveHandler>
        </ReceiveLocation>
        <ReceiveLocation Name="OrderReceiveWCF">
          <Description xsi:nil="true" />
          <Address>/BAMInterceptorDemo/OrderService.svc</Address>
          <PublicAddress />
          <Primary>false</Primary>
          <ReceiveLocationServiceWindowEnabled>false</ReceiveLocationServiceWindowEnabled>
          <ReceiveLocationFromTime>2000-01-01T05:00:00</ReceiveLocationFromTime>
          <ReceiveLocationToTime>2000-01-01T04:59:59</ReceiveLocationToTime>
          <ReceiveLocationStartDateEnabled>false</ReceiveLocationStartDateEnabled>
          <ReceiveLocationStartDate>2010-03-26T00:00:00</ReceiveLocationStartDate>
          <ReceiveLocationEndDateEnabled>false</ReceiveLocationEndDateEnabled>
          <ReceiveLocationEndDate>2010-03-27T23:59:59</ReceiveLocationEndDate>
          <ReceiveLocationTransportType Name="WCF-BasicHttp" Capabilities="899" ConfigurationClsid="467c1a52-373f-4f09-9008-27af6b985f14" />
          <ReceiveLocationTransportTypeData>&lt;CustomProps&gt;&lt;MessageEncoding vt="8"&gt;Text&lt;/MessageEncoding&gt;&lt;ServiceCertificate vt="8" /&gt;&lt;InboundBodyPathExpression vt="8" /&gt;&lt;OutboundBodyLocation vt="8"&gt;UseBodyElement&lt;/OutboundBodyLocation&gt;&lt;InboundNodeEncoding vt="8"&gt;Xml&lt;/InboundNodeEncoding&gt;&lt;CloseTimeout vt="8"&gt;00:01:00&lt;/CloseTimeout&gt;&lt;MaxReceivedMessageSize vt="3"&gt;65536&lt;/MaxReceivedMessageSize&gt;&lt;InboundBodyLocation vt="8"&gt;UseBodyElement&lt;/InboundBodyLocation&gt;&lt;AlgorithmSuite vt="8"&gt;Basic256&lt;/AlgorithmSuite&gt;&lt;SendTimeout vt="8"&gt;00:01:00&lt;/SendTimeout&gt;&lt;OutboundXmlTemplate vt="8"&gt;&amp;lt;bts-msg-body xmlns="http://www.microsoft.com/schemas/bts2007" encoding="xml"/&amp;gt;&lt;/OutboundXmlTemplate&gt;&lt;TextEncoding vt="8"&gt;utf-8&lt;/TextEncoding&gt;&lt;SecurityMode vt="8"&gt;None&lt;/SecurityMode&gt;&lt;IncludeExceptionDetailInFaults vt="11"&gt;0&lt;/IncludeExceptionDetailInFaults&gt;&lt;TransportClientCredentialType vt="8"&gt;None&lt;/TransportClientCredentialType&gt;&lt;OpenTimeout vt="8"&gt;00:01:00&lt;/OpenTimeout&gt;&lt;MessageClientCredentialType vt="8"&gt;UserName&lt;/MessageClientCredentialType&gt;&lt;SuspendMessageOnFailure vt="11"&gt;0&lt;/SuspendMessageOnFailure&gt;&lt;UseSSO vt="11"&gt;0&lt;/UseSSO&gt;&lt;MaxConcurrentCalls vt="3"&gt;200&lt;/MaxConcurrentCalls&gt;&lt;/CustomProps&gt;</ReceiveLocationTransportTypeData>
          <ReceivePipeline Name="Microsoft.BizTalk.DefaultPipelines.XMLReceive" FullyQualifiedName="Microsoft.BizTalk.DefaultPipelines.XMLReceive, Microsoft.BizTalk.DefaultPipelines, Version=3.0.1.0, Culture=neutral, PublicKeyToken=31bf3856ad364e35" Type="1" TrackingOption="ServiceStartEnd MessageSendReceive PipelineEvents" Description="" />
          <ReceivePipelineData xsi:nil="true" />
          <SendPipeline xsi:nil="true" />
          <SendPipelineData xsi:nil="true" />
          <Enable>true</Enable>
          <ReceiveHandler Name="BizTalkServerIsolatedHost" HostTrusted="false">
            <TransportType Name="WCF-BasicHttp" Capabilities="899" ConfigurationClsid="467c1a52-373f-4f09-9008-27af6b985f14" />
          </ReceiveHandler>
        </ReceiveLocation>
      </ReceiveLocations>
      <SendPipelineData xsi:nil="true" />
      <Authentication>0</Authentication>
      <Tracking>0</Tracking>
      <Transforms />
      <RouteFailedMessage>false</RouteFailedMessage>
      <ApplicationName>BAMInterceptors</ApplicationName>
    </ReceivePort>
    <ReceivePort Name="ShippingReceivePort" IsTwoWay="false" BindingOption="1">
      <Description xsi:nil="true" />
      <ReceiveLocations>
        <ReceiveLocation Name="ShippingFILE">
          <Description xsi:nil="true" />
          <Address>c:\AllFiles\DemoCode\Northwind\Ports\Shipping\*.xml</Address>
          <PublicAddress />
          <Primary>true</Primary>
          <ReceiveLocationServiceWindowEnabled>false</ReceiveLocationServiceWindowEnabled>
          <ReceiveLocationFromTime>2000-01-01T00:00:00</ReceiveLocationFromTime>
          <ReceiveLocationToTime>2000-01-01T23:59:59</ReceiveLocationToTime>
          <ReceiveLocationStartDateEnabled>false</ReceiveLocationStartDateEnabled>
          <ReceiveLocationStartDate>2009-12-17T00:00:00</ReceiveLocationStartDate>
          <ReceiveLocationEndDateEnabled>false</ReceiveLocationEndDateEnabled>
          <ReceiveLocationEndDate>2009-12-18T23:59:59</ReceiveLocationEndDate>
          <ReceiveLocationTransportType Name="FILE" Capabilities="11" ConfigurationClsid="5e49e3a6-b4fc-4077-b44c-22f34a242fdb" />
          <ReceiveLocationTransportTypeData>&lt;CustomProps&gt;&lt;RemoveReceivedFileDelay vt="19"&gt;10&lt;/RemoveReceivedFileDelay&gt;&lt;RemoveReceivedFileMaxInterval vt="19"&gt;300000&lt;/RemoveReceivedFileMaxInterval&gt;&lt;FileMask vt="8"&gt;*.xml&lt;/FileMask&gt;&lt;RenameReceivedFiles vt="11"&gt;-1&lt;/RenameReceivedFiles&gt;&lt;FileNetFailRetryInt vt="19"&gt;5&lt;/FileNetFailRetryInt&gt;&lt;RemoveReceivedFileRetryCount vt="19"&gt;5&lt;/RemoveReceivedFileRetryCount&gt;&lt;BatchSizeInBytes vt="19"&gt;102400&lt;/BatchSizeInBytes&gt;&lt;PollingInterval vt="19"&gt;5000&lt;/PollingInterval&gt;&lt;FileNetFailRetryCount vt="19"&gt;5&lt;/FileNetFailRetryCount&gt;&lt;BatchSize vt="19"&gt;20&lt;/BatchSize&gt;&lt;/CustomProps&gt;</ReceiveLocationTransportTypeData>
          <ReceivePipeline Name="Microsoft.BizTalk.DefaultPipelines.XMLReceive" FullyQualifiedName="Microsoft.BizTalk.DefaultPipelines.XMLReceive, Microsoft.BizTalk.DefaultPipelines, Version=3.0.1.0, Culture=neutral, PublicKeyToken=31bf3856ad364e35" Type="1" TrackingOption="ServiceStartEnd MessageSendReceive PipelineEvents" Description="" />
          <ReceivePipelineData xsi:nil="true" />
          <SendPipeline xsi:nil="true" />
          <SendPipelineData xsi:nil="true" />
          <Enable>true</Enable>
          <ReceiveHandler Name="BizTalkServerApplication" HostTrusted="false">
            <TransportType Name="FILE" Capabilities="11" ConfigurationClsid="5e49e3a6-b4fc-4077-b44c-22f34a242fdb" />
          </ReceiveHandler>
        </ReceiveLocation>
      </ReceiveLocations>
      <SendPipelineData xsi:nil="true" />
      <Authentication>0</Authentication>
      <Tracking>0</Tracking>
      <Transforms />
      <RouteFailedMessage>false</RouteFailedMessage>
      <ApplicationName>BAMInterceptors</ApplicationName>
    </ReceivePort>
  </ReceivePortCollection>
  <PartyCollection xsi:nil="true" />
</BindingInfo>