﻿<?xml version="1.0" encoding="utf-8"?>
<InterceptorConfiguration 
  xmlns="http://schemas.microsoft.com/BizTalkServer/2004/10/BAM/InterceptorConfiguration"
  xmlns:wf="http://schemas.microsoft.com/BizTalkServer/2004/10/BAM/WorkflowInterceptorConfiguration"
  xmlns:wcf="http://schemas.microsoft.com/BizTalkServer/2004/10/BAM/WcfInterceptorConfiguration"
  >
  <EventSource Name="BillingWF" Technology="WF" Manifest="BillingWorkflows.BillingProcess, BillingWorkflows, Version=1.0.0.0, Culture=neutral, PublicKeyToken=null" />
  <EventSource Name="ClientProxy" Technology="WCF" Manifest="OrderClient.Orders.OrderService, OrderClient, Version=1.0.0.0, Culture=neutral, PublicKeyToken=null">
    <!-- provide xml namespace mappings -->
    <wcf:NamespaceMappings>
      <wcf:Namespace Prefix="ns0" Uri="http://northwind.com/ordering"/>
    </wcf:NamespaceMappings>
  </EventSource>
  
  
  <BamActivity Name="OrderProcessing">
    <!-- workflow events-->
    <OnEvent Name="BillingActivity" Source="BillingWF" IsEnd="true" IsBegin="true">
      <!-- filter indicates when this event / step happens-->
      <Filter>
        <Expression>
          <!-- activity by name -->
          <wf:Operation Name="GetActivityName" />
          <Operation Name="Constant">
            <Argument>ProcessBilling</Argument>
          </Operation>
          <Operation Name="Equals" />
          
          <!-- on closed -->
          <wf:Operation Name="GetActivityEvent" />
          <Operation Name="Constant">
            <Argument>Closed</Argument>
          </Operation>
          <Operation Name="Equals" />
          
          <Operation Name="And" />
        </Expression>
      </Filter>

      <!-- continuation from the orchestration-->
      <CorrelationID>
        <Expression>         
          <Operation Name="Constant">
            <Argument>Orch_</Argument>
          </Operation>
          
          <wf:Operation Name="GetWorkflowProperty">
            <wf:Argument>OrderID</wf:Argument>
          </wf:Operation>
          <!-- concatenate the constant with the order id-->
          <Operation Name="Concatenate" />
        </Expression>
      </CorrelationID>

      <!-- update order total with a value from an activity -->
      <Update DataItemName="OrderTotal" Type="FLOAT">
        <Expression>
          <wf:Operation Name="GetActivityProperty">
            <wf:Argument>OrderTotalAmount</wf:Argument>
          </wf:Operation>
        </Expression>
      </Update>
    </OnEvent>
    
    
    
    <!-- wcf events -->
    <OnEvent IsBegin="true" IsEnd="true" Name="Submit" Source="ClientProxy">
      <Filter>
        <Expression>
          <wcf:Operation Name="GetServiceContractCallPoint" />
          <Operation Name="Constant">
            <Argument>ClientRequest</Argument>
          </Operation>
          <Operation Name="Equals" />
          
          <wcf:Operation Name="GetOperationName" />
          <Operation Name="Constant">
            <Argument>SubmitOrder</Argument>
          </Operation>
          <Operation Name="Equals" />
          <Operation Name="And" />
        </Expression>
      </Filter>
      
      <CorrelationID>
        <Expression>
          <wcf:Operation Name="AutoGenerateCorrelationToken" />
        </Expression>
      </CorrelationID>
      
      <!-- save the start time to BAM -->
      <Update DataItemName="OrderReceived" Type="DATETIME">
        <Expression>
          <wcf:Operation Name="GetContextProperty">
            <wcf:Argument>EventTime</wcf:Argument>
          </wcf:Operation>
        </Expression>
      </Update>
      
      <!-- enable continuation -->
      <ContinuationToken>
        <Expression>
          <!-- create the continuation token -->
          <Operation Name="Constant">
            <Argument>WCF_</Argument>
          </Operation>
          <wcf:Operation Name="XPath">
            <wcf:Argument>//ns0:InternalOrder/OrderID</wcf:Argument>
          </wcf:Operation>
          <Operation Name="Concatenate" />
        </Expression>
      </ContinuationToken>
    </OnEvent>
  </BamActivity>
  
  
</InterceptorConfiguration>