<?xml version="1.0" encoding="utf-8"?>
<BindingInfo xmlns:xsi="http://www.w3.org/2001/XMLSchema-instance" xmlns:xsd="http://www.w3.org/2001/XMLSchema" Assembly="Microsoft.BizTalk.Deployment, Version=3.0.1.0, Culture=neutral, PublicKeyToken=31bf3856ad364e35" Version="3.5.1.0" BindingStatus="FullyBound" BoundEndpoints="4" TotalEndpoints="4">
  <Timestamp>2010-12-21T07:23:44.499033-08:00</Timestamp>
  <ModuleRefCollection>
    <ModuleRef Name="[Application:Demos.Northwind]" Version="" Culture="" PublicKeyToken="" FullName="[Application:Demos.Northwind], Version=, Culture=, PublicKeyToken=">
      <Services />
      <TrackedSchemas>
        <Schema FullName="Schemas.OrderingProperties" AssemblyQualifiedName="Schemas.OrderingProperties,Schemas, Version=1.0.0.0, Culture=neutral, PublicKeyToken=e0dfaa76ddfb73e4" AlwaysTrackAllProperties="false" Description="">
          <TrackedPropertyNames />
        </Schema>
        <Schema FullName="Schemas.OrderBilling" RootName="OrderBilling" AssemblyQualifiedName="Schemas.OrderBilling,Schemas, Version=1.0.0.0, Culture=neutral, PublicKeyToken=e0dfaa76ddfb73e4" AlwaysTrackAllProperties="false" Description="">
          <TrackedPropertyNames />
        </Schema>
        <Schema FullName="Schemas.OrderInternal" RootName="Order" AssemblyQualifiedName="Schemas.OrderInternal,Schemas, Version=1.0.0.0, Culture=neutral, PublicKeyToken=e0dfaa76ddfb73e4" AlwaysTrackAllProperties="false" Description="">
          <TrackedPropertyNames />
        </Schema>
        <Schema FullName="Schemas.OrderExternal" RootName="OrderExternal" AssemblyQualifiedName="Schemas.OrderExternal,Schemas, Version=1.0.0.0, Culture=neutral, PublicKeyToken=e0dfaa76ddfb73e4" AlwaysTrackAllProperties="false" Description="">
          <TrackedPropertyNames />
        </Schema>
        <Schema FullName="Schemas.CommonTypes" RootName="Address" AssemblyQualifiedName="Schemas.CommonTypes,Schemas, Version=1.0.0.0, Culture=neutral, PublicKeyToken=e0dfaa76ddfb73e4" AlwaysTrackAllProperties="false" Description="">
          <TrackedPropertyNames />
        </Schema>
        <Schema FullName="Schemas.CommonTypes" RootName="BillTo" AssemblyQualifiedName="Schemas.CommonTypes,Schemas, Version=1.0.0.0, Culture=neutral, PublicKeyToken=e0dfaa76ddfb73e4" AlwaysTrackAllProperties="false" Description="">
          <TrackedPropertyNames />
        </Schema>
        <Schema FullName="Schemas.CommonTypes" RootName="Item" AssemblyQualifiedName="Schemas.CommonTypes,Schemas, Version=1.0.0.0, Culture=neutral, PublicKeyToken=e0dfaa76ddfb73e4" AlwaysTrackAllProperties="false" Description="">
          <TrackedPropertyNames />
        </Schema>
        <Schema FullName="Schemas.CommonTypes" RootName="LineItem" AssemblyQualifiedName="Schemas.CommonTypes,Schemas, Version=1.0.0.0, Culture=neutral, PublicKeyToken=e0dfaa76ddfb73e4" AlwaysTrackAllProperties="false" Description="">
          <TrackedPropertyNames />
        </Schema>
        <Schema FullName="Schemas.CommonTypes" RootName="ShipTo" AssemblyQualifiedName="Schemas.CommonTypes,Schemas, Version=1.0.0.0, Culture=neutral, PublicKeyToken=e0dfaa76ddfb73e4" AlwaysTrackAllProperties="false" Description="">
          <TrackedPropertyNames />
        </Schema>
        <Schema FullName="Schemas.OrderShipping" RootName="OrderShipping" AssemblyQualifiedName="Schemas.OrderShipping,Schemas, Version=1.0.0.0, Culture=neutral, PublicKeyToken=e0dfaa76ddfb73e4" AlwaysTrackAllProperties="false" Description="">
          <TrackedPropertyNames />
        </Schema>
      </TrackedSchemas>
    </ModuleRef>
    <ModuleRef Name="Schemas" Version="1.0.0.0" Culture="neutral" PublicKeyToken="e0dfaa76ddfb73e4" FullName="Schemas, Version=1.0.0.0, Culture=neutral, PublicKeyToken=e0dfaa76ddfb73e4">
      <Services />
      <TrackedSchemas />
    </ModuleRef>
    <ModuleRef Name="ConvoyOrchestrations" Version="1.0.0.0" Culture="neutral" PublicKeyToken="e0dfaa76ddfb73e4" FullName="ConvoyOrchestrations, Version=1.0.0.0, Culture=neutral, PublicKeyToken=e0dfaa76ddfb73e4">
      <Services>
        <Service Name="ConvoyOrchestrations.ParallelConvoy" State="Unenlisted" TrackingOption="ServiceStartEnd MessageSendReceive OrchestrationEvents" Description="">
          <Ports>
            <Port Name="InputPort" Modifier="2" BindingOption="1">
              <SendPortRef xsi:nil="true" />
              <DistributionListRef xsi:nil="true" />
              <ReceivePortRef Name="Northwind_Receive" />
            </Port>
            <Port Name="AuditPort" Modifier="1" BindingOption="1">
              <SendPortRef Name="Audit_File" />
              <DistributionListRef xsi:nil="true" />
              <ReceivePortRef xsi:nil="true" />
            </Port>
          </Ports>
          <Roles />
          <Host Name="BizTalkServerApplication" NTGroupName="ADVENTUREWORKS\BizTalk Application Users" Type="1" Trusted="false" />
        </Service>
        <Service Name="ConvoyOrchestrations.SequentialSample" State="Started" TrackingOption="ServiceStartEnd MessageSendReceive OrchestrationEvents" Description="">
          <Ports>
            <Port Name="InputPortSeq" Modifier="2" BindingOption="1">
              <SendPortRef xsi:nil="true" />
              <DistributionListRef xsi:nil="true" />
              <ReceivePortRef Name="Northwind_Receive" />
            </Port>
            <Port Name="AuditPortSeq" Modifier="1" BindingOption="1">
              <SendPortRef Name="Audit_File" />
              <DistributionListRef xsi:nil="true" />
              <ReceivePortRef xsi:nil="true" />
            </Port>
          </Ports>
          <Roles />
          <Host Name="BizTalkServerApplication" NTGroupName="ADVENTUREWORKS\BizTalk Application Users" Type="1" Trusted="false" />
        </Service>
      </Services>
      <TrackedSchemas />
    </ModuleRef>
  </ModuleRefCollection>
  <SendPortCollection>
    <SendPort Name="Audit_File" IsStatic="true" IsTwoWay="false" BindingOption="1">
      <Description xsi:nil="true" />
      <TransmitPipeline Name="Microsoft.BizTalk.DefaultPipelines.PassThruTransmit" FullyQualifiedName="Microsoft.BizTalk.DefaultPipelines.PassThruTransmit, Microsoft.BizTalk.DefaultPipelines, Version=3.0.1.0, Culture=neutral, PublicKeyToken=31bf3856ad364e35" Type="2" TrackingOption="ServiceStartEnd MessageSendReceive PipelineEvents" Description="" />
      <PrimaryTransport>
        <Address>C:\AllFiles\DemoCode\Northwind\Ports\Audit\%MessageID%.xml</Address>
        <TransportType Name="FILE" Capabilities="11" ConfigurationClsid="5e49e3a6-b4fc-4077-b44c-22f34a242fdb" />
        <TransportTypeData>&lt;CustomProps&gt;&lt;UseTempFileOnWrite vt="11"&gt;0&lt;/UseTempFileOnWrite&gt;&lt;AllowCacheOnWrite vt="11"&gt;0&lt;/AllowCacheOnWrite&gt;&lt;CopyMode vt="19"&gt;1&lt;/CopyMode&gt;&lt;FileName vt="8"&gt;%MessageID%.xml&lt;/FileName&gt;&lt;/CustomProps&gt;</TransportTypeData>
        <RetryCount>3</RetryCount>
        <RetryInterval>5</RetryInterval>
        <ServiceWindowEnabled>false</ServiceWindowEnabled>
        <FromTime>2000-01-01T08:00:00</FromTime>
        <ToTime>2000-01-01T07:59:59</ToTime>
        <Primary>true</Primary>
        <OrderedDelivery>false</OrderedDelivery>
        <DeliveryNotification>1</DeliveryNotification>
        <SendHandler Name="BizTalkServerApplication" HostTrusted="false">
          <TransportType Name="FILE" Capabilities="11" ConfigurationClsid="5e49e3a6-b4fc-4077-b44c-22f34a242fdb" />
        </SendHandler>
      </PrimaryTransport>
      <SecondaryTransport>
        <Address />
        <RetryCount>3</RetryCount>
        <RetryInterval>5</RetryInterval>
        <ServiceWindowEnabled>false</ServiceWindowEnabled>
        <FromTime>2000-01-01T08:00:00</FromTime>
        <ToTime>2000-01-01T07:59:59</ToTime>
        <Primary>false</Primary>
        <OrderedDelivery>false</OrderedDelivery>
        <DeliveryNotification>1</DeliveryNotification>
        <SendHandler xsi:nil="true" />
      </SecondaryTransport>
      <ReceivePipelineData xsi:nil="true" />
      <Tracking>0</Tracking>
      <Filter />
      <Transforms />
      <OrderedDelivery>false</OrderedDelivery>
      <Priority>5</Priority>
      <StopSendingOnFailure>false</StopSendingOnFailure>
      <RouteFailedMessage>false</RouteFailedMessage>
      <ApplicationName>Demos.Northwind</ApplicationName>
    </SendPort>
  </SendPortCollection>
  <DistributionListCollection />
  <ReceivePortCollection>
    <ReceivePort Name="Northwind_Receive" IsTwoWay="false" BindingOption="1">
      <Description xsi:nil="true" />
      <ReceiveLocations>
        <ReceiveLocation Name="Northwind_Receive_XML">
          <Description xsi:nil="true" />
          <Address>C:\AllFiles\DemoCode\Northwind\Ports\FileIN\*.xml</Address>
          <PublicAddress />
          <Primary>true</Primary>
          <ReceiveLocationServiceWindowEnabled>false</ReceiveLocationServiceWindowEnabled>
          <ReceiveLocationFromTime>2000-01-01T08:00:00</ReceiveLocationFromTime>
          <ReceiveLocationToTime>2000-01-01T07:59:59</ReceiveLocationToTime>
          <ReceiveLocationStartDateEnabled>false</ReceiveLocationStartDateEnabled>
          <ReceiveLocationStartDate>2010-12-20T00:00:00</ReceiveLocationStartDate>
          <ReceiveLocationEndDateEnabled>false</ReceiveLocationEndDateEnabled>
          <ReceiveLocationEndDate>2010-12-21T23:59:59</ReceiveLocationEndDate>
          <ReceiveLocationTransportType Name="FILE" Capabilities="11" ConfigurationClsid="5e49e3a6-b4fc-4077-b44c-22f34a242fdb" />
          <ReceiveLocationTransportTypeData>&lt;CustomProps&gt;&lt;RemoveReceivedFileDelay vt="19"&gt;10&lt;/RemoveReceivedFileDelay&gt;&lt;RemoveReceivedFileMaxInterval vt="19"&gt;300000&lt;/RemoveReceivedFileMaxInterval&gt;&lt;FileMask vt="8"&gt;*.xml&lt;/FileMask&gt;&lt;RenameReceivedFiles vt="11"&gt;0&lt;/RenameReceivedFiles&gt;&lt;FileNetFailRetryInt vt="19"&gt;5&lt;/FileNetFailRetryInt&gt;&lt;RemoveReceivedFileRetryCount vt="19"&gt;5&lt;/RemoveReceivedFileRetryCount&gt;&lt;BatchSizeInBytes vt="19"&gt;102400&lt;/BatchSizeInBytes&gt;&lt;PollingInterval vt="19"&gt;60000&lt;/PollingInterval&gt;&lt;FileNetFailRetryCount vt="19"&gt;5&lt;/FileNetFailRetryCount&gt;&lt;BatchSize vt="19"&gt;20&lt;/BatchSize&gt;&lt;/CustomProps&gt;</ReceiveLocationTransportTypeData>
          <ReceivePipeline Name="Microsoft.BizTalk.DefaultPipelines.XMLReceive" FullyQualifiedName="Microsoft.BizTalk.DefaultPipelines.XMLReceive, Microsoft.BizTalk.DefaultPipelines, Version=3.0.1.0, Culture=neutral, PublicKeyToken=31bf3856ad364e35" Type="1" TrackingOption="ServiceStartEnd MessageSendReceive PipelineEvents" Description="" />
          <ReceivePipelineData xsi:nil="true" />
          <SendPipeline xsi:nil="true" />
          <SendPipelineData xsi:nil="true" />
          <Enable>true</Enable>
          <ReceiveHandler Name="BizTalkServerApplication" HostTrusted="false">
            <TransportType Name="FILE" Capabilities="11" ConfigurationClsid="5e49e3a6-b4fc-4077-b44c-22f34a242fdb" />
          </ReceiveHandler>
        </ReceiveLocation>
        <ReceiveLocation Name="Northwind_Receive_TXT">
          <Description xsi:nil="true" />
          <Address>C:\AllFiles\DemoCode\Northwind\Ports\FileIN\*.txt</Address>
          <PublicAddress />
          <Primary>false</Primary>
          <ReceiveLocationServiceWindowEnabled>false</ReceiveLocationServiceWindowEnabled>
          <ReceiveLocationFromTime>2010-12-21T08:00:00</ReceiveLocationFromTime>
          <ReceiveLocationToTime>2010-12-22T07:59:59</ReceiveLocationToTime>
          <ReceiveLocationStartDateEnabled>false</ReceiveLocationStartDateEnabled>
          <ReceiveLocationStartDate>2010-12-21T00:00:00</ReceiveLocationStartDate>
          <ReceiveLocationEndDateEnabled>false</ReceiveLocationEndDateEnabled>
          <ReceiveLocationEndDate>2010-12-22T00:00:00</ReceiveLocationEndDate>
          <ReceiveLocationTransportType Name="FILE" Capabilities="11" ConfigurationClsid="5e49e3a6-b4fc-4077-b44c-22f34a242fdb" />
          <ReceiveLocationTransportTypeData>&lt;CustomProps&gt;&lt;RemoveReceivedFileDelay vt="19"&gt;10&lt;/RemoveReceivedFileDelay&gt;&lt;RemoveReceivedFileMaxInterval vt="19"&gt;300000&lt;/RemoveReceivedFileMaxInterval&gt;&lt;FileMask vt="8"&gt;*.txt&lt;/FileMask&gt;&lt;RenameReceivedFiles vt="11"&gt;0&lt;/RenameReceivedFiles&gt;&lt;FileNetFailRetryInt vt="19"&gt;5&lt;/FileNetFailRetryInt&gt;&lt;RemoveReceivedFileRetryCount vt="19"&gt;5&lt;/RemoveReceivedFileRetryCount&gt;&lt;BatchSizeInBytes vt="19"&gt;102400&lt;/BatchSizeInBytes&gt;&lt;PollingInterval vt="19"&gt;60000&lt;/PollingInterval&gt;&lt;FileNetFailRetryCount vt="19"&gt;5&lt;/FileNetFailRetryCount&gt;&lt;BatchSize vt="19"&gt;20&lt;/BatchSize&gt;&lt;/CustomProps&gt;</ReceiveLocationTransportTypeData>
          <ReceivePipeline Name="Schemas.BillingFFReceivePipeline" FullyQualifiedName="Schemas.BillingFFReceivePipeline, Schemas, Version=1.0.0.0, Culture=neutral, PublicKeyToken=e0dfaa76ddfb73e4" Type="1" TrackingOption="ServiceStartEnd MessageSendReceive PipelineEvents" />
          <ReceivePipelineData xsi:nil="true" />
          <SendPipeline xsi:nil="true" />
          <SendPipelineData xsi:nil="true" />
          <Enable>true</Enable>
          <ReceiveHandler Name="BizTalkServerApplication" HostTrusted="false">
            <TransportType Name="FILE" Capabilities="11" ConfigurationClsid="5e49e3a6-b4fc-4077-b44c-22f34a242fdb" />
          </ReceiveHandler>
        </ReceiveLocation>
      </ReceiveLocations>
      <SendPipelineData xsi:nil="true" />
      <Authentication>0</Authentication>
      <Tracking>0</Tracking>
      <Transforms />
      <RouteFailedMessage>false</RouteFailedMessage>
      <ApplicationName>Demos.Northwind</ApplicationName>
    </ReceivePort>
  </ReceivePortCollection>
  <PartyCollection xsi:nil="true" />
</BindingInfo>