<?xml version="1.0" encoding="utf-8"?>
<BindingInfo xmlns:xsi="http://www.w3.org/2001/XMLSchema-instance" xmlns:xsd="http://www.w3.org/2001/XMLSchema" Assembly="Microsoft.BizTalk.Deployment, Version=3.0.1.0, Culture=neutral, PublicKeyToken=31bf3856ad364e35" Version="3.5.1.0" BindingStatus="FullyBound" BoundEndpoints="2" TotalEndpoints="2">
  <Timestamp>2010-12-21T05:12:23.5558626-08:00</Timestamp>
  <ModuleRefCollection>
    <ModuleRef Name="[Application:Demos.Northwind]" Version="" Culture="" PublicKeyToken="" FullName="[Application:Demos.Northwind], Version=, Culture=, PublicKeyToken=">
      <Services />
      <TrackedSchemas>
        <Schema FullName="Schemas.OrderProperties" AssemblyQualifiedName="Schemas.OrderProperties,Schemas, Version=1.0.0.0, Culture=neutral, PublicKeyToken=1eb99402589c4521" AlwaysTrackAllProperties="false" Description="">
          <TrackedPropertyNames />
        </Schema>
        <Schema FullName="Schemas.OrderExternal" RootName="OrderExternal" AssemblyQualifiedName="Schemas.OrderExternal,Schemas, Version=1.0.0.0, Culture=neutral, PublicKeyToken=1eb99402589c4521" AlwaysTrackAllProperties="false" Description="">
          <TrackedPropertyNames />
        </Schema>
        <Schema FullName="Schemas.InternalOrder" RootName="InternalOrder" AssemblyQualifiedName="Schemas.InternalOrder,Schemas, Version=1.0.0.0, Culture=neutral, PublicKeyToken=1eb99402589c4521" AlwaysTrackAllProperties="false" Description="">
          <TrackedPropertyNames />
        </Schema>
        <Schema FullName="Schemas.Billing" RootName="BillingRequest" AssemblyQualifiedName="Schemas.Billing,Schemas, Version=1.0.0.0, Culture=neutral, PublicKeyToken=1eb99402589c4521" AlwaysTrackAllProperties="false" Description="">
          <TrackedPropertyNames />
        </Schema>
        <Schema FullName="Schemas.Common" RootName="Address" AssemblyQualifiedName="Schemas.Common,Schemas, Version=1.0.0.0, Culture=neutral, PublicKeyToken=1eb99402589c4521" AlwaysTrackAllProperties="false" Description="">
          <TrackedPropertyNames />
        </Schema>
        <Schema FullName="Schemas.Common" RootName="ZipCode" AssemblyQualifiedName="Schemas.Common,Schemas, Version=1.0.0.0, Culture=neutral, PublicKeyToken=1eb99402589c4521" AlwaysTrackAllProperties="false" Description="">
          <TrackedPropertyNames />
        </Schema>
        <Schema FullName="Schemas.OrderShipping" RootName="OrderShipping" AssemblyQualifiedName="Schemas.OrderShipping,Schemas, Version=1.0.0.0, Culture=neutral, PublicKeyToken=1eb99402589c4521" AlwaysTrackAllProperties="false" Description="">
          <TrackedPropertyNames />
        </Schema>
      </TrackedSchemas>
    </ModuleRef>
    <ModuleRef Name="Schemas" Version="1.0.0.0" Culture="neutral" PublicKeyToken="1eb99402589c4521" FullName="Schemas, Version=1.0.0.0, Culture=neutral, PublicKeyToken=1eb99402589c4521">
      <Services />
      <TrackedSchemas />
    </ModuleRef>
    <ModuleRef Name="Maps" Version="1.0.0.0" Culture="neutral" PublicKeyToken="1eb99402589c4521" FullName="Maps, Version=1.0.0.0, Culture=neutral, PublicKeyToken=1eb99402589c4521">
      <Services />
      <TrackedSchemas />
    </ModuleRef>
    <ModuleRef Name="Orchestrations" Version="1.0.0.0" Culture="neutral" PublicKeyToken="1eb99402589c4521" FullName="Orchestrations, Version=1.0.0.0, Culture=neutral, PublicKeyToken=1eb99402589c4521">
      <Services>
        <Service Name="Orchestrations.OrderProcessing" State="Unenlisted" TrackingOption="ServiceStartEnd MessageSendReceive OrchestrationEvents" Description="">
          <Ports>
            <Port Name="OrderReceivePort" Modifier="2" BindingOption="1">
              <SendPortRef xsi:nil="true" />
              <DistributionListRef xsi:nil="true" />
              <ReceivePortRef Name="Northwind_ReceiveOrders" />
            </Port>
            <Port Name="BillingPort" Modifier="1" BindingOption="4">
              <SendPortRef Name="Orchestrations_1.0.0.0_Orchestrations.OrderProcessing_BillingPort_1eb99402589c4521" />
              <DistributionListRef xsi:nil="true" />
              <ReceivePortRef xsi:nil="true" />
            </Port>
          </Ports>
          <Roles>
            <Role Name="Provider" RoleLinkTypeName="Orchestrations.ShipperRoleType" RoleType="Uses">
              <EnlistedParties>
                <EnlistedParty Name="Federal Shipping">
                  <Mappings>
                    <Mapping PortTypeName="Orchestrations.ShippingPortType" OperationName="SendShipping">
                      <SendPortRef Name="Shipper_FederalShipping" />
                    </Mapping>
                  </Mappings>
                </EnlistedParty>
                <EnlistedParty Name="United Package">
                  <Mappings>
                    <Mapping PortTypeName="Orchestrations.ShippingPortType" OperationName="SendShipping">
                      <SendPortRef Name="Shipper_UnitedPackage" />
                    </Mapping>
                  </Mappings>
                </EnlistedParty>
              </EnlistedParties>
            </Role>
          </Roles>
          <Host Name="BizTalkServerApplication" NTGroupName="ADVENTUREWORKS\BizTalk Application Users" Type="1" Trusted="false" />
        </Service>
      </Services>
      <TrackedSchemas />
    </ModuleRef>
  </ModuleRefCollection>
  <SendPortCollection>
    <SendPort Name="Orchestrations_1.0.0.0_Orchestrations.OrderProcessing_BillingPort_1eb99402589c4521" IsStatic="false" IsTwoWay="false" BindingOption="4">
      <Description xsi:nil="true" />
      <TransmitPipeline Name="Microsoft.BizTalk.DefaultPipelines.PassThruTransmit" FullyQualifiedName="Microsoft.BizTalk.DefaultPipelines.PassThruTransmit, Microsoft.BizTalk.DefaultPipelines, Version=3.0.1.0, Culture=neutral, PublicKeyToken=31bf3856ad364e35" Type="2" TrackingOption="ServiceStartEnd MessageSendReceive PipelineEvents" Description="" />
      <ReceivePipelineData xsi:nil="true" />
      <Tracking>0</Tracking>
      <Filter />
      <Transforms />
      <OrderedDelivery>false</OrderedDelivery>
      <Priority>5</Priority>
      <StopSendingOnFailure>false</StopSendingOnFailure>
      <RouteFailedMessage>false</RouteFailedMessage>
      <ApplicationName>Demos.Northwind</ApplicationName>
    </SendPort>
    <SendPort Name="Shipper_UnitedPackage" IsStatic="true" IsTwoWay="false" BindingOption="0">
      <Description xsi:nil="true" />
      <TransmitPipeline Name="Microsoft.BizTalk.DefaultPipelines.PassThruTransmit" FullyQualifiedName="Microsoft.BizTalk.DefaultPipelines.PassThruTransmit, Microsoft.BizTalk.DefaultPipelines, Version=3.0.1.0, Culture=neutral, PublicKeyToken=31bf3856ad364e35" Type="2" TrackingOption="ServiceStartEnd MessageSendReceive PipelineEvents" Description="" />
      <PrimaryTransport>
        <Address>C:\AllFiles\DemoCode\Northwind\Ports\Shippers\UnitedPackage\%MessageID%.xml</Address>
        <TransportType Name="FILE" Capabilities="11" ConfigurationClsid="5e49e3a6-b4fc-4077-b44c-22f34a242fdb" />
        <TransportTypeData>&lt;CustomProps&gt;&lt;UseTempFileOnWrite vt="11"&gt;0&lt;/UseTempFileOnWrite&gt;&lt;AllowCacheOnWrite vt="11"&gt;0&lt;/AllowCacheOnWrite&gt;&lt;CopyMode vt="19"&gt;1&lt;/CopyMode&gt;&lt;FileName vt="8"&gt;%MessageID%.xml&lt;/FileName&gt;&lt;/CustomProps&gt;</TransportTypeData>
        <RetryCount>3</RetryCount>
        <RetryInterval>5</RetryInterval>
        <ServiceWindowEnabled>false</ServiceWindowEnabled>
        <FromTime>2000-01-01T08:00:00</FromTime>
        <ToTime>2000-01-01T07:59:59</ToTime>
        <Primary>true</Primary>
        <OrderedDelivery>false</OrderedDelivery>
        <DeliveryNotification>1</DeliveryNotification>
        <SendHandler Name="BizTalkServerApplication" HostTrusted="false">
          <TransportType Name="FILE" Capabilities="11" ConfigurationClsid="5e49e3a6-b4fc-4077-b44c-22f34a242fdb" />
        </SendHandler>
      </PrimaryTransport>
      <SecondaryTransport>
        <Address />
        <RetryCount>3</RetryCount>
        <RetryInterval>5</RetryInterval>
        <ServiceWindowEnabled>false</ServiceWindowEnabled>
        <FromTime>2000-01-01T08:00:00</FromTime>
        <ToTime>2000-01-01T07:59:59</ToTime>
        <Primary>false</Primary>
        <OrderedDelivery>false</OrderedDelivery>
        <DeliveryNotification>1</DeliveryNotification>
        <SendHandler xsi:nil="true" />
      </SecondaryTransport>
      <ReceivePipelineData xsi:nil="true" />
      <Tracking>0</Tracking>
      <Filter />
      <Transforms />
      <OrderedDelivery>false</OrderedDelivery>
      <Priority>5</Priority>
      <StopSendingOnFailure>false</StopSendingOnFailure>
      <RouteFailedMessage>false</RouteFailedMessage>
      <ApplicationName>Demos.Northwind</ApplicationName>
    </SendPort>
    <SendPort Name="Shipper_FederalShipping" IsStatic="true" IsTwoWay="false" BindingOption="0">
      <Description xsi:nil="true" />
      <TransmitPipeline Name="Microsoft.BizTalk.DefaultPipelines.PassThruTransmit" FullyQualifiedName="Microsoft.BizTalk.DefaultPipelines.PassThruTransmit, Microsoft.BizTalk.DefaultPipelines, Version=3.0.1.0, Culture=neutral, PublicKeyToken=31bf3856ad364e35" Type="2" TrackingOption="ServiceStartEnd MessageSendReceive PipelineEvents" Description="" />
      <PrimaryTransport>
        <Address>C:\AllFiles\DemoCode\Northwind\Ports\Shippers\FederalShipping\%MessageID%.xml</Address>
        <TransportType Name="FILE" Capabilities="11" ConfigurationClsid="5e49e3a6-b4fc-4077-b44c-22f34a242fdb" />
        <TransportTypeData>&lt;CustomProps&gt;&lt;UseTempFileOnWrite vt="11"&gt;0&lt;/UseTempFileOnWrite&gt;&lt;AllowCacheOnWrite vt="11"&gt;0&lt;/AllowCacheOnWrite&gt;&lt;CopyMode vt="19"&gt;1&lt;/CopyMode&gt;&lt;FileName vt="8"&gt;%MessageID%.xml&lt;/FileName&gt;&lt;/CustomProps&gt;</TransportTypeData>
        <RetryCount>3</RetryCount>
        <RetryInterval>5</RetryInterval>
        <ServiceWindowEnabled>false</ServiceWindowEnabled>
        <FromTime>2000-01-01T08:00:00</FromTime>
        <ToTime>2000-01-01T07:59:59</ToTime>
        <Primary>true</Primary>
        <OrderedDelivery>false</OrderedDelivery>
        <DeliveryNotification>1</DeliveryNotification>
        <SendHandler Name="BizTalkServerApplication" HostTrusted="false">
          <TransportType Name="FILE" Capabilities="11" ConfigurationClsid="5e49e3a6-b4fc-4077-b44c-22f34a242fdb" />
        </SendHandler>
      </PrimaryTransport>
      <SecondaryTransport>
        <Address />
        <RetryCount>3</RetryCount>
        <RetryInterval>5</RetryInterval>
        <ServiceWindowEnabled>false</ServiceWindowEnabled>
        <FromTime>2000-01-01T08:00:00</FromTime>
        <ToTime>2000-01-01T07:59:59</ToTime>
        <Primary>false</Primary>
        <OrderedDelivery>false</OrderedDelivery>
        <DeliveryNotification>1</DeliveryNotification>
        <SendHandler xsi:nil="true" />
      </SecondaryTransport>
      <ReceivePipelineData xsi:nil="true" />
      <Tracking>0</Tracking>
      <Filter />
      <Transforms />
      <OrderedDelivery>false</OrderedDelivery>
      <Priority>5</Priority>
      <StopSendingOnFailure>false</StopSendingOnFailure>
      <RouteFailedMessage>false</RouteFailedMessage>
      <ApplicationName>Demos.Northwind</ApplicationName>
    </SendPort>
  </SendPortCollection>
  <DistributionListCollection />
  <ReceivePortCollection>
    <ReceivePort Name="Northwind_ReceiveOrders" IsTwoWay="false" BindingOption="1">
      <Description xsi:nil="true" />
      <ReceiveLocations>
        <ReceiveLocation Name="Northwind_ReceiveOrders_File">
          <Description xsi:nil="true" />
          <Address>C:\AllFiles\DemoCode\Northwind\Ports\FileIN\*.xml</Address>
          <PublicAddress />
          <Primary>true</Primary>
          <ReceiveLocationServiceWindowEnabled>false</ReceiveLocationServiceWindowEnabled>
          <ReceiveLocationFromTime>2000-01-01T08:00:00</ReceiveLocationFromTime>
          <ReceiveLocationToTime>2000-01-01T07:59:59</ReceiveLocationToTime>
          <ReceiveLocationStartDateEnabled>false</ReceiveLocationStartDateEnabled>
          <ReceiveLocationStartDate>2010-12-20T00:00:00</ReceiveLocationStartDate>
          <ReceiveLocationEndDateEnabled>false</ReceiveLocationEndDateEnabled>
          <ReceiveLocationEndDate>2010-12-21T23:59:59</ReceiveLocationEndDate>
          <ReceiveLocationTransportType Name="FILE" Capabilities="11" ConfigurationClsid="5e49e3a6-b4fc-4077-b44c-22f34a242fdb" />
          <ReceiveLocationTransportTypeData>&lt;CustomProps&gt;&lt;RemoveReceivedFileDelay vt="19"&gt;10&lt;/RemoveReceivedFileDelay&gt;&lt;RemoveReceivedFileMaxInterval vt="19"&gt;300000&lt;/RemoveReceivedFileMaxInterval&gt;&lt;FileMask vt="8"&gt;*.xml&lt;/FileMask&gt;&lt;RenameReceivedFiles vt="11"&gt;0&lt;/RenameReceivedFiles&gt;&lt;FileNetFailRetryInt vt="19"&gt;5&lt;/FileNetFailRetryInt&gt;&lt;RemoveReceivedFileRetryCount vt="19"&gt;5&lt;/RemoveReceivedFileRetryCount&gt;&lt;BatchSizeInBytes vt="19"&gt;102400&lt;/BatchSizeInBytes&gt;&lt;PollingInterval vt="19"&gt;60000&lt;/PollingInterval&gt;&lt;FileNetFailRetryCount vt="19"&gt;5&lt;/FileNetFailRetryCount&gt;&lt;BatchSize vt="19"&gt;20&lt;/BatchSize&gt;&lt;/CustomProps&gt;</ReceiveLocationTransportTypeData>
          <ReceivePipeline Name="Microsoft.BizTalk.DefaultPipelines.XMLReceive" FullyQualifiedName="Microsoft.BizTalk.DefaultPipelines.XMLReceive, Microsoft.BizTalk.DefaultPipelines, Version=3.0.1.0, Culture=neutral, PublicKeyToken=31bf3856ad364e35" Type="1" TrackingOption="ServiceStartEnd MessageSendReceive PipelineEvents" Description="" />
          <ReceivePipelineData xsi:nil="true" />
          <SendPipeline xsi:nil="true" />
          <SendPipelineData xsi:nil="true" />
          <Enable>false</Enable>
          <ReceiveHandler Name="BizTalkServerApplication" HostTrusted="false">
            <TransportType Name="FILE" Capabilities="11" ConfigurationClsid="5e49e3a6-b4fc-4077-b44c-22f34a242fdb" />
          </ReceiveHandler>
        </ReceiveLocation>
      </ReceiveLocations>
      <SendPipelineData xsi:nil="true" />
      <Authentication>0</Authentication>
      <Tracking>0</Tracking>
      <Transforms>
        <Transform FullName="Maps.MapExternalToInternal" AssemblyQualifiedName="Maps.MapExternalToInternal,Maps, Version=1.0.0.0, Culture=neutral, PublicKeyToken=1eb99402589c4521" />
      </Transforms>
      <RouteFailedMessage>false</RouteFailedMessage>
      <ApplicationName>Demos.Northwind</ApplicationName>
    </ReceivePort>
  </ReceivePortCollection>
  <PartyCollection>
    <ArrayOfPartner xmlns:i="http://www.w3.org/2001/XMLSchema-instance" xmlns="http://schemas.datacontract.org/2004/07/Microsoft.BizTalk.Deployment.B2B.PartnerManagement">
      <Partner>
        <BusinessProfiles>
          <BusinessProfile>
            <CustomSettings xmlns:d5p1="http://schemas.datacontract.org/2004/07/System.Collections.Generic" />
            <Identities xmlns:d5p1="http://schemas.datacontract.org/2004/07/Microsoft.BizTalk.B2B.PartnerManagement">
              <d5p1:BusinessIdentity z:Id="i1" i:type="d5p1:QualifierIdentity" xmlns:z="http://schemas.microsoft.com/2003/10/Serialization/">
                <d5p1:BusinessProfileReference xmlns:d7p1="http://schemas.datacontract.org/2004/07/System.Data.Objects.DataClasses">
                </d5p1:BusinessProfileReference>
                <d5p1:FallbackAgreement1Reference xmlns:d7p1="http://schemas.datacontract.org/2004/07/System.Data.Objects.DataClasses">
                </d5p1:FallbackAgreement1Reference>
                <d5p1:FallbackAgreementReference xmlns:d7p1="http://schemas.datacontract.org/2004/07/System.Data.Objects.DataClasses">
                </d5p1:FallbackAgreementReference>
                <d5p1:Name>QualifierIdentity</d5p1:Name>
                <d5p1:version>AAAAAAAAHGw=</d5p1:version>
                <d5p1:Description>OrganizationId</d5p1:Description>
                <d5p1:Qualifier>OrganizationId</d5p1:Qualifier>
                <d5p1:Value>FS</d5p1:Value>
              </d5p1:BusinessIdentity>
            </Identities>
            <Name>Federal Shipping_Profile</Name>
            <ProtocolSettings xmlns:d5p1="http://schemas.datacontract.org/2004/07/Microsoft.BizTalk.B2B.PartnerManagement" />
          </BusinessProfile>
        </BusinessProfiles>
        <CustomSettings xmlns:d3p1="http://schemas.datacontract.org/2004/07/System.Collections.Generic">
          <d3p1:KeyValuePairOfstringstring>
            <d3p1:key>biztalk.HostParty</d3p1:key>
            <d3p1:value>True</d3p1:value>
          </d3p1:KeyValuePairOfstringstring>
          <d3p1:KeyValuePairOfstringstring>
            <d3p1:key>OrganizationId</d3p1:key>
            <d3p1:value>FS</d3p1:value>
          </d3p1:KeyValuePairOfstringstring>
        </CustomSettings>
        <Name>Federal Shipping</Name>
        <SendPortReferences xmlns:d3p1="http://schemas.datacontract.org/2004/07/Microsoft.BizTalk.B2B.PartnerManagement">
          <d3p1:SendPortReference z:Id="i2" xmlns:z="http://schemas.microsoft.com/2003/10/Serialization/">
            <d3p1:Name>Shipper_FederalShipping</d3p1:Name>
            <d3p1:PartnerReference xmlns:d5p1="http://schemas.datacontract.org/2004/07/System.Data.Objects.DataClasses">
            </d3p1:PartnerReference>
            <d3p1:SequenceNumber>1</d3p1:SequenceNumber>
            <d3p1:version>AAAAAAAAH/U=</d3p1:version>
          </d3p1:SendPortReference>
        </SendPortReferences>
      </Partner>
      <Partner>
        <BusinessProfiles>
          <BusinessProfile>
            <CustomSettings xmlns:d5p1="http://schemas.datacontract.org/2004/07/System.Collections.Generic" />
            <Identities xmlns:d5p1="http://schemas.datacontract.org/2004/07/Microsoft.BizTalk.B2B.PartnerManagement">
              <d5p1:BusinessIdentity z:Id="i3" i:type="d5p1:QualifierIdentity" xmlns:z="http://schemas.microsoft.com/2003/10/Serialization/">
                <d5p1:BusinessProfileReference xmlns:d7p1="http://schemas.datacontract.org/2004/07/System.Data.Objects.DataClasses">
                </d5p1:BusinessProfileReference>
                <d5p1:FallbackAgreement1Reference xmlns:d7p1="http://schemas.datacontract.org/2004/07/System.Data.Objects.DataClasses">
                </d5p1:FallbackAgreement1Reference>
                <d5p1:FallbackAgreementReference xmlns:d7p1="http://schemas.datacontract.org/2004/07/System.Data.Objects.DataClasses">
                </d5p1:FallbackAgreementReference>
                <d5p1:Name>QualifierIdentity</d5p1:Name>
                <d5p1:version>AAAAAAAAHGs=</d5p1:version>
                <d5p1:Description>OrganizationId</d5p1:Description>
                <d5p1:Qualifier>OrganizationId</d5p1:Qualifier>
                <d5p1:Value>UP</d5p1:Value>
              </d5p1:BusinessIdentity>
            </Identities>
            <Name>United Package_Profile</Name>
            <ProtocolSettings xmlns:d5p1="http://schemas.datacontract.org/2004/07/Microsoft.BizTalk.B2B.PartnerManagement" />
          </BusinessProfile>
        </BusinessProfiles>
        <CustomSettings xmlns:d3p1="http://schemas.datacontract.org/2004/07/System.Collections.Generic">
          <d3p1:KeyValuePairOfstringstring>
            <d3p1:key>biztalk.HostParty</d3p1:key>
            <d3p1:value>True</d3p1:value>
          </d3p1:KeyValuePairOfstringstring>
          <d3p1:KeyValuePairOfstringstring>
            <d3p1:key>OrganizationId</d3p1:key>
            <d3p1:value>UP</d3p1:value>
          </d3p1:KeyValuePairOfstringstring>
        </CustomSettings>
        <Name>United Package</Name>
        <SendPortReferences xmlns:d3p1="http://schemas.datacontract.org/2004/07/Microsoft.BizTalk.B2B.PartnerManagement">
          <d3p1:SendPortReference z:Id="i4" xmlns:z="http://schemas.microsoft.com/2003/10/Serialization/">
            <d3p1:Name>Shipper_UnitedPackage</d3p1:Name>
            <d3p1:PartnerReference xmlns:d5p1="http://schemas.datacontract.org/2004/07/System.Data.Objects.DataClasses">
            </d3p1:PartnerReference>
            <d3p1:SequenceNumber>1</d3p1:SequenceNumber>
            <d3p1:version>AAAAAAAAH/Y=</d3p1:version>
          </d3p1:SendPortReference>
        </SendPortReferences>
      </Partner>
    </ArrayOfPartner>
  </PartyCollection>
</BindingInfo>